"date_id","date","day_of_week","day_of_month","month","quarter","year"
1,"2020-01-01","Wednesday",1,1,1,2020
2,"2020-01-02","Thursday ",2,1,1,2020
3,"2020-01-03","Friday   ",3,1,1,2020
4,"2020-01-04","Saturday ",4,1,1,2020
5,"2020-01-05","Sunday   ",5,1,1,2020
6,"2020-01-06","Monday   ",6,1,1,2020
7,"2020-01-07","Tuesday  ",7,1,1,2020
8,"2020-01-08","Wednesday",8,1,1,2020
9,"2020-01-09","Thursday ",9,1,1,2020
10,"2020-01-10","Friday   ",10,1,1,2020
11,"2020-01-11","Saturday ",11,1,1,2020
12,"2020-01-12","Sunday   ",12,1,1,2020
13,"2020-01-13","Monday   ",13,1,1,2020
14,"2020-01-14","Tuesday  ",14,1,1,2020
15,"2020-01-15","Wednesday",15,1,1,2020
16,"2020-01-16","Thursday ",16,1,1,2020
17,"2020-01-17","Friday   ",17,1,1,2020
18,"2020-01-18","Saturday ",18,1,1,2020
19,"2020-01-19","Sunday   ",19,1,1,2020
20,"2020-01-20","Monday   ",20,1,1,2020
21,"2020-01-21","Tuesday  ",21,1,1,2020
22,"2020-01-22","Wednesday",22,1,1,2020
23,"2020-01-23","Thursday ",23,1,1,2020
24,"2020-01-24","Friday   ",24,1,1,2020
25,"2020-01-25","Saturday ",25,1,1,2020
26,"2020-01-26","Sunday   ",26,1,1,2020
27,"2020-01-27","Monday   ",27,1,1,2020
28,"2020-01-28","Tuesday  ",28,1,1,2020
29,"2020-01-29","Wednesday",29,1,1,2020
30,"2020-01-30","Thursday ",30,1,1,2020
31,"2020-01-31","Friday   ",31,1,1,2020
32,"2020-02-01","Saturday ",1,2,1,2020
33,"2020-02-02","Sunday   ",2,2,1,2020
34,"2020-02-03","Monday   ",3,2,1,2020
35,"2020-02-04","Tuesday  ",4,2,1,2020
36,"2020-02-05","Wednesday",5,2,1,2020
37,"2020-02-06","Thursday ",6,2,1,2020
38,"2020-02-07","Friday   ",7,2,1,2020
39,"2020-02-08","Saturday ",8,2,1,2020
40,"2020-02-09","Sunday   ",9,2,1,2020
41,"2020-02-10","Monday   ",10,2,1,2020
42,"2020-02-11","Tuesday  ",11,2,1,2020
43,"2020-02-12","Wednesday",12,2,1,2020
44,"2020-02-13","Thursday ",13,2,1,2020
45,"2020-02-14","Friday   ",14,2,1,2020
46,"2020-02-15","Saturday ",15,2,1,2020
47,"2020-02-16","Sunday   ",16,2,1,2020
48,"2020-02-17","Monday   ",17,2,1,2020
49,"2020-02-18","Tuesday  ",18,2,1,2020
50,"2020-02-19","Wednesday",19,2,1,2020
51,"2020-02-20","Thursday ",20,2,1,2020
52,"2020-02-21","Friday   ",21,2,1,2020
53,"2020-02-22","Saturday ",22,2,1,2020
54,"2020-02-23","Sunday   ",23,2,1,2020
55,"2020-02-24","Monday   ",24,2,1,2020
56,"2020-02-25","Tuesday  ",25,2,1,2020
57,"2020-02-26","Wednesday",26,2,1,2020
58,"2020-02-27","Thursday ",27,2,1,2020
59,"2020-02-28","Friday   ",28,2,1,2020
60,"2020-02-29","Saturday ",29,2,1,2020
61,"2020-03-01","Sunday   ",1,3,1,2020
62,"2020-03-02","Monday   ",2,3,1,2020
63,"2020-03-03","Tuesday  ",3,3,1,2020
64,"2020-03-04","Wednesday",4,3,1,2020
65,"2020-03-05","Thursday ",5,3,1,2020
66,"2020-03-06","Friday   ",6,3,1,2020
67,"2020-03-07","Saturday ",7,3,1,2020
68,"2020-03-08","Sunday   ",8,3,1,2020
69,"2020-03-09","Monday   ",9,3,1,2020
70,"2020-03-10","Tuesday  ",10,3,1,2020
71,"2020-03-11","Wednesday",11,3,1,2020
72,"2020-03-12","Thursday ",12,3,1,2020
73,"2020-03-13","Friday   ",13,3,1,2020
74,"2020-03-14","Saturday ",14,3,1,2020
75,"2020-03-15","Sunday   ",15,3,1,2020
76,"2020-03-16","Monday   ",16,3,1,2020
77,"2020-03-17","Tuesday  ",17,3,1,2020
78,"2020-03-18","Wednesday",18,3,1,2020
79,"2020-03-19","Thursday ",19,3,1,2020
80,"2020-03-20","Friday   ",20,3,1,2020
81,"2020-03-21","Saturday ",21,3,1,2020
82,"2020-03-22","Sunday   ",22,3,1,2020
83,"2020-03-23","Monday   ",23,3,1,2020
84,"2020-03-24","Tuesday  ",24,3,1,2020
85,"2020-03-25","Wednesday",25,3,1,2020
86,"2020-03-26","Thursday ",26,3,1,2020
87,"2020-03-27","Friday   ",27,3,1,2020
88,"2020-03-28","Saturday ",28,3,1,2020
89,"2020-03-29","Sunday   ",29,3,1,2020
90,"2020-03-30","Monday   ",30,3,1,2020
91,"2020-03-31","Tuesday  ",31,3,1,2020
92,"2020-04-01","Wednesday",1,4,2,2020
93,"2020-04-02","Thursday ",2,4,2,2020
94,"2020-04-03","Friday   ",3,4,2,2020
95,"2020-04-04","Saturday ",4,4,2,2020
96,"2020-04-05","Sunday   ",5,4,2,2020
97,"2020-04-06","Monday   ",6,4,2,2020
98,"2020-04-07","Tuesday  ",7,4,2,2020
99,"2020-04-08","Wednesday",8,4,2,2020
100,"2020-04-09","Thursday ",9,4,2,2020
101,"2020-04-10","Friday   ",10,4,2,2020
102,"2020-04-11","Saturday ",11,4,2,2020
103,"2020-04-12","Sunday   ",12,4,2,2020
104,"2020-04-13","Monday   ",13,4,2,2020
105,"2020-04-14","Tuesday  ",14,4,2,2020
106,"2020-04-15","Wednesday",15,4,2,2020
107,"2020-04-16","Thursday ",16,4,2,2020
108,"2020-04-17","Friday   ",17,4,2,2020
109,"2020-04-18","Saturday ",18,4,2,2020
110,"2020-04-19","Sunday   ",19,4,2,2020
111,"2020-04-20","Monday   ",20,4,2,2020
112,"2020-04-21","Tuesday  ",21,4,2,2020
113,"2020-04-22","Wednesday",22,4,2,2020
114,"2020-04-23","Thursday ",23,4,2,2020
115,"2020-04-24","Friday   ",24,4,2,2020
116,"2020-04-25","Saturday ",25,4,2,2020
117,"2020-04-26","Sunday   ",26,4,2,2020
118,"2020-04-27","Monday   ",27,4,2,2020
119,"2020-04-28","Tuesday  ",28,4,2,2020
120,"2020-04-29","Wednesday",29,4,2,2020
121,"2020-04-30","Thursday ",30,4,2,2020
122,"2020-05-01","Friday   ",1,5,2,2020
123,"2020-05-02","Saturday ",2,5,2,2020
124,"2020-05-03","Sunday   ",3,5,2,2020
125,"2020-05-04","Monday   ",4,5,2,2020
126,"2020-05-05","Tuesday  ",5,5,2,2020
127,"2020-05-06","Wednesday",6,5,2,2020
128,"2020-05-07","Thursday ",7,5,2,2020
129,"2020-05-08","Friday   ",8,5,2,2020
130,"2020-05-09","Saturday ",9,5,2,2020
131,"2020-05-10","Sunday   ",10,5,2,2020
132,"2020-05-11","Monday   ",11,5,2,2020
133,"2020-05-12","Tuesday  ",12,5,2,2020
134,"2020-05-13","Wednesday",13,5,2,2020
135,"2020-05-14","Thursday ",14,5,2,2020
136,"2020-05-15","Friday   ",15,5,2,2020
137,"2020-05-16","Saturday ",16,5,2,2020
138,"2020-05-17","Sunday   ",17,5,2,2020
139,"2020-05-18","Monday   ",18,5,2,2020
140,"2020-05-19","Tuesday  ",19,5,2,2020
141,"2020-05-20","Wednesday",20,5,2,2020
142,"2020-05-21","Thursday ",21,5,2,2020
143,"2020-05-22","Friday   ",22,5,2,2020
144,"2020-05-23","Saturday ",23,5,2,2020
145,"2020-05-24","Sunday   ",24,5,2,2020
146,"2020-05-25","Monday   ",25,5,2,2020
147,"2020-05-26","Tuesday  ",26,5,2,2020
148,"2020-05-27","Wednesday",27,5,2,2020
149,"2020-05-28","Thursday ",28,5,2,2020
150,"2020-05-29","Friday   ",29,5,2,2020
151,"2020-05-30","Saturday ",30,5,2,2020
152,"2020-05-31","Sunday   ",31,5,2,2020
153,"2020-06-01","Monday   ",1,6,2,2020
154,"2020-06-02","Tuesday  ",2,6,2,2020
155,"2020-06-03","Wednesday",3,6,2,2020
156,"2020-06-04","Thursday ",4,6,2,2020
157,"2020-06-05","Friday   ",5,6,2,2020
158,"2020-06-06","Saturday ",6,6,2,2020
159,"2020-06-07","Sunday   ",7,6,2,2020
160,"2020-06-08","Monday   ",8,6,2,2020
161,"2020-06-09","Tuesday  ",9,6,2,2020
162,"2020-06-10","Wednesday",10,6,2,2020
163,"2020-06-11","Thursday ",11,6,2,2020
164,"2020-06-12","Friday   ",12,6,2,2020
165,"2020-06-13","Saturday ",13,6,2,2020
166,"2020-06-14","Sunday   ",14,6,2,2020
167,"2020-06-15","Monday   ",15,6,2,2020
168,"2020-06-16","Tuesday  ",16,6,2,2020
169,"2020-06-17","Wednesday",17,6,2,2020
170,"2020-06-18","Thursday ",18,6,2,2020
171,"2020-06-19","Friday   ",19,6,2,2020
172,"2020-06-20","Saturday ",20,6,2,2020
173,"2020-06-21","Sunday   ",21,6,2,2020
174,"2020-06-22","Monday   ",22,6,2,2020
175,"2020-06-23","Tuesday  ",23,6,2,2020
176,"2020-06-24","Wednesday",24,6,2,2020
177,"2020-06-25","Thursday ",25,6,2,2020
178,"2020-06-26","Friday   ",26,6,2,2020
179,"2020-06-27","Saturday ",27,6,2,2020
180,"2020-06-28","Sunday   ",28,6,2,2020
181,"2020-06-29","Monday   ",29,6,2,2020
182,"2020-06-30","Tuesday  ",30,6,2,2020
183,"2020-07-01","Wednesday",1,7,3,2020
184,"2020-07-02","Thursday ",2,7,3,2020
185,"2020-07-03","Friday   ",3,7,3,2020
186,"2020-07-04","Saturday ",4,7,3,2020
187,"2020-07-05","Sunday   ",5,7,3,2020
188,"2020-07-06","Monday   ",6,7,3,2020
189,"2020-07-07","Tuesday  ",7,7,3,2020
190,"2020-07-08","Wednesday",8,7,3,2020
191,"2020-07-09","Thursday ",9,7,3,2020
192,"2020-07-10","Friday   ",10,7,3,2020
193,"2020-07-11","Saturday ",11,7,3,2020
194,"2020-07-12","Sunday   ",12,7,3,2020
195,"2020-07-13","Monday   ",13,7,3,2020
196,"2020-07-14","Tuesday  ",14,7,3,2020
197,"2020-07-15","Wednesday",15,7,3,2020
198,"2020-07-16","Thursday ",16,7,3,2020
199,"2020-07-17","Friday   ",17,7,3,2020
200,"2020-07-18","Saturday ",18,7,3,2020
201,"2020-07-19","Sunday   ",19,7,3,2020
202,"2020-07-20","Monday   ",20,7,3,2020
203,"2020-07-21","Tuesday  ",21,7,3,2020
204,"2020-07-22","Wednesday",22,7,3,2020
205,"2020-07-23","Thursday ",23,7,3,2020
206,"2020-07-24","Friday   ",24,7,3,2020
207,"2020-07-25","Saturday ",25,7,3,2020
208,"2020-07-26","Sunday   ",26,7,3,2020
209,"2020-07-27","Monday   ",27,7,3,2020
210,"2020-07-28","Tuesday  ",28,7,3,2020
211,"2020-07-29","Wednesday",29,7,3,2020
212,"2020-07-30","Thursday ",30,7,3,2020
213,"2020-07-31","Friday   ",31,7,3,2020
214,"2020-08-01","Saturday ",1,8,3,2020
215,"2020-08-02","Sunday   ",2,8,3,2020
216,"2020-08-03","Monday   ",3,8,3,2020
217,"2020-08-04","Tuesday  ",4,8,3,2020
218,"2020-08-05","Wednesday",5,8,3,2020
219,"2020-08-06","Thursday ",6,8,3,2020
220,"2020-08-07","Friday   ",7,8,3,2020
221,"2020-08-08","Saturday ",8,8,3,2020
222,"2020-08-09","Sunday   ",9,8,3,2020
223,"2020-08-10","Monday   ",10,8,3,2020
224,"2020-08-11","Tuesday  ",11,8,3,2020
225,"2020-08-12","Wednesday",12,8,3,2020
226,"2020-08-13","Thursday ",13,8,3,2020
227,"2020-08-14","Friday   ",14,8,3,2020
228,"2020-08-15","Saturday ",15,8,3,2020
229,"2020-08-16","Sunday   ",16,8,3,2020
230,"2020-08-17","Monday   ",17,8,3,2020
231,"2020-08-18","Tuesday  ",18,8,3,2020
232,"2020-08-19","Wednesday",19,8,3,2020
233,"2020-08-20","Thursday ",20,8,3,2020
234,"2020-08-21","Friday   ",21,8,3,2020
235,"2020-08-22","Saturday ",22,8,3,2020
236,"2020-08-23","Sunday   ",23,8,3,2020
237,"2020-08-24","Monday   ",24,8,3,2020
238,"2020-08-25","Tuesday  ",25,8,3,2020
239,"2020-08-26","Wednesday",26,8,3,2020
240,"2020-08-27","Thursday ",27,8,3,2020
241,"2020-08-28","Friday   ",28,8,3,2020
242,"2020-08-29","Saturday ",29,8,3,2020
243,"2020-08-30","Sunday   ",30,8,3,2020
244,"2020-08-31","Monday   ",31,8,3,2020
245,"2020-09-01","Tuesday  ",1,9,3,2020
246,"2020-09-02","Wednesday",2,9,3,2020
247,"2020-09-03","Thursday ",3,9,3,2020
248,"2020-09-04","Friday   ",4,9,3,2020
249,"2020-09-05","Saturday ",5,9,3,2020
250,"2020-09-06","Sunday   ",6,9,3,2020
251,"2020-09-07","Monday   ",7,9,3,2020
252,"2020-09-08","Tuesday  ",8,9,3,2020
253,"2020-09-09","Wednesday",9,9,3,2020
254,"2020-09-10","Thursday ",10,9,3,2020
255,"2020-09-11","Friday   ",11,9,3,2020
256,"2020-09-12","Saturday ",12,9,3,2020
257,"2020-09-13","Sunday   ",13,9,3,2020
258,"2020-09-14","Monday   ",14,9,3,2020
259,"2020-09-15","Tuesday  ",15,9,3,2020
260,"2020-09-16","Wednesday",16,9,3,2020
261,"2020-09-17","Thursday ",17,9,3,2020
262,"2020-09-18","Friday   ",18,9,3,2020
263,"2020-09-19","Saturday ",19,9,3,2020
264,"2020-09-20","Sunday   ",20,9,3,2020
265,"2020-09-21","Monday   ",21,9,3,2020
266,"2020-09-22","Tuesday  ",22,9,3,2020
267,"2020-09-23","Wednesday",23,9,3,2020
268,"2020-09-24","Thursday ",24,9,3,2020
269,"2020-09-25","Friday   ",25,9,3,2020
270,"2020-09-26","Saturday ",26,9,3,2020
271,"2020-09-27","Sunday   ",27,9,3,2020
272,"2020-09-28","Monday   ",28,9,3,2020
273,"2020-09-29","Tuesday  ",29,9,3,2020
274,"2020-09-30","Wednesday",30,9,3,2020
275,"2020-10-01","Thursday ",1,10,4,2020
276,"2020-10-02","Friday   ",2,10,4,2020
277,"2020-10-03","Saturday ",3,10,4,2020
278,"2020-10-04","Sunday   ",4,10,4,2020
279,"2020-10-05","Monday   ",5,10,4,2020
280,"2020-10-06","Tuesday  ",6,10,4,2020
281,"2020-10-07","Wednesday",7,10,4,2020
282,"2020-10-08","Thursday ",8,10,4,2020
283,"2020-10-09","Friday   ",9,10,4,2020
284,"2020-10-10","Saturday ",10,10,4,2020
285,"2020-10-11","Sunday   ",11,10,4,2020
286,"2020-10-12","Monday   ",12,10,4,2020
287,"2020-10-13","Tuesday  ",13,10,4,2020
288,"2020-10-14","Wednesday",14,10,4,2020
289,"2020-10-15","Thursday ",15,10,4,2020
290,"2020-10-16","Friday   ",16,10,4,2020
291,"2020-10-17","Saturday ",17,10,4,2020
292,"2020-10-18","Sunday   ",18,10,4,2020
293,"2020-10-19","Monday   ",19,10,4,2020
294,"2020-10-20","Tuesday  ",20,10,4,2020
295,"2020-10-21","Wednesday",21,10,4,2020
296,"2020-10-22","Thursday ",22,10,4,2020
297,"2020-10-23","Friday   ",23,10,4,2020
298,"2020-10-24","Saturday ",24,10,4,2020
299,"2020-10-25","Sunday   ",25,10,4,2020
300,"2020-10-26","Monday   ",26,10,4,2020
301,"2020-10-27","Tuesday  ",27,10,4,2020
302,"2020-10-28","Wednesday",28,10,4,2020
303,"2020-10-29","Thursday ",29,10,4,2020
304,"2020-10-30","Friday   ",30,10,4,2020
305,"2020-10-31","Saturday ",31,10,4,2020
306,"2020-11-01","Sunday   ",1,11,4,2020
307,"2020-11-02","Monday   ",2,11,4,2020
308,"2020-11-03","Tuesday  ",3,11,4,2020
309,"2020-11-04","Wednesday",4,11,4,2020
310,"2020-11-05","Thursday ",5,11,4,2020
311,"2020-11-06","Friday   ",6,11,4,2020
312,"2020-11-07","Saturday ",7,11,4,2020
313,"2020-11-08","Sunday   ",8,11,4,2020
314,"2020-11-09","Monday   ",9,11,4,2020
315,"2020-11-10","Tuesday  ",10,11,4,2020
316,"2020-11-11","Wednesday",11,11,4,2020
317,"2020-11-12","Thursday ",12,11,4,2020
318,"2020-11-13","Friday   ",13,11,4,2020
319,"2020-11-14","Saturday ",14,11,4,2020
320,"2020-11-15","Sunday   ",15,11,4,2020
321,"2020-11-16","Monday   ",16,11,4,2020
322,"2020-11-17","Tuesday  ",17,11,4,2020
323,"2020-11-18","Wednesday",18,11,4,2020
324,"2020-11-19","Thursday ",19,11,4,2020
325,"2020-11-20","Friday   ",20,11,4,2020
326,"2020-11-21","Saturday ",21,11,4,2020
327,"2020-11-22","Sunday   ",22,11,4,2020
328,"2020-11-23","Monday   ",23,11,4,2020
329,"2020-11-24","Tuesday  ",24,11,4,2020
330,"2020-11-25","Wednesday",25,11,4,2020
331,"2020-11-26","Thursday ",26,11,4,2020
332,"2020-11-27","Friday   ",27,11,4,2020
333,"2020-11-28","Saturday ",28,11,4,2020
334,"2020-11-29","Sunday   ",29,11,4,2020
335,"2020-11-30","Monday   ",30,11,4,2020
336,"2020-12-01","Tuesday  ",1,12,4,2020
337,"2020-12-02","Wednesday",2,12,4,2020
338,"2020-12-03","Thursday ",3,12,4,2020
339,"2020-12-04","Friday   ",4,12,4,2020
340,"2020-12-05","Saturday ",5,12,4,2020
341,"2020-12-06","Sunday   ",6,12,4,2020
342,"2020-12-07","Monday   ",7,12,4,2020
343,"2020-12-08","Tuesday  ",8,12,4,2020
344,"2020-12-09","Wednesday",9,12,4,2020
345,"2020-12-10","Thursday ",10,12,4,2020
346,"2020-12-11","Friday   ",11,12,4,2020
347,"2020-12-12","Saturday ",12,12,4,2020
348,"2020-12-13","Sunday   ",13,12,4,2020
349,"2020-12-14","Monday   ",14,12,4,2020
350,"2020-12-15","Tuesday  ",15,12,4,2020
351,"2020-12-16","Wednesday",16,12,4,2020
352,"2020-12-17","Thursday ",17,12,4,2020
353,"2020-12-18","Friday   ",18,12,4,2020
354,"2020-12-19","Saturday ",19,12,4,2020
355,"2020-12-20","Sunday   ",20,12,4,2020
356,"2020-12-21","Monday   ",21,12,4,2020
357,"2020-12-22","Tuesday  ",22,12,4,2020
358,"2020-12-23","Wednesday",23,12,4,2020
359,"2020-12-24","Thursday ",24,12,4,2020
360,"2020-12-25","Friday   ",25,12,4,2020
361,"2020-12-26","Saturday ",26,12,4,2020
362,"2020-12-27","Sunday   ",27,12,4,2020
363,"2020-12-28","Monday   ",28,12,4,2020
364,"2020-12-29","Tuesday  ",29,12,4,2020
365,"2020-12-30","Wednesday",30,12,4,2020
366,"2020-12-31","Thursday ",31,12,4,2020
367,"2021-01-01","Friday   ",1,1,1,2021
368,"2021-01-02","Saturday ",2,1,1,2021
369,"2021-01-03","Sunday   ",3,1,1,2021
370,"2021-01-04","Monday   ",4,1,1,2021
371,"2021-01-05","Tuesday  ",5,1,1,2021
372,"2021-01-06","Wednesday",6,1,1,2021
373,"2021-01-07","Thursday ",7,1,1,2021
374,"2021-01-08","Friday   ",8,1,1,2021
375,"2021-01-09","Saturday ",9,1,1,2021
376,"2021-01-10","Sunday   ",10,1,1,2021
377,"2021-01-11","Monday   ",11,1,1,2021
378,"2021-01-12","Tuesday  ",12,1,1,2021
379,"2021-01-13","Wednesday",13,1,1,2021
380,"2021-01-14","Thursday ",14,1,1,2021
381,"2021-01-15","Friday   ",15,1,1,2021
382,"2021-01-16","Saturday ",16,1,1,2021
383,"2021-01-17","Sunday   ",17,1,1,2021
384,"2021-01-18","Monday   ",18,1,1,2021
385,"2021-01-19","Tuesday  ",19,1,1,2021
386,"2021-01-20","Wednesday",20,1,1,2021
387,"2021-01-21","Thursday ",21,1,1,2021
388,"2021-01-22","Friday   ",22,1,1,2021
389,"2021-01-23","Saturday ",23,1,1,2021
390,"2021-01-24","Sunday   ",24,1,1,2021
391,"2021-01-25","Monday   ",25,1,1,2021
392,"2021-01-26","Tuesday  ",26,1,1,2021
393,"2021-01-27","Wednesday",27,1,1,2021
394,"2021-01-28","Thursday ",28,1,1,2021
395,"2021-01-29","Friday   ",29,1,1,2021
396,"2021-01-30","Saturday ",30,1,1,2021
397,"2021-01-31","Sunday   ",31,1,1,2021
398,"2021-02-01","Monday   ",1,2,1,2021
399,"2021-02-02","Tuesday  ",2,2,1,2021
400,"2021-02-03","Wednesday",3,2,1,2021
401,"2021-02-04","Thursday ",4,2,1,2021
402,"2021-02-05","Friday   ",5,2,1,2021
403,"2021-02-06","Saturday ",6,2,1,2021
404,"2021-02-07","Sunday   ",7,2,1,2021
405,"2021-02-08","Monday   ",8,2,1,2021
406,"2021-02-09","Tuesday  ",9,2,1,2021
407,"2021-02-10","Wednesday",10,2,1,2021
408,"2021-02-11","Thursday ",11,2,1,2021
409,"2021-02-12","Friday   ",12,2,1,2021
410,"2021-02-13","Saturday ",13,2,1,2021
411,"2021-02-14","Sunday   ",14,2,1,2021
412,"2021-02-15","Monday   ",15,2,1,2021
413,"2021-02-16","Tuesday  ",16,2,1,2021
414,"2021-02-17","Wednesday",17,2,1,2021
415,"2021-02-18","Thursday ",18,2,1,2021
416,"2021-02-19","Friday   ",19,2,1,2021
417,"2021-02-20","Saturday ",20,2,1,2021
418,"2021-02-21","Sunday   ",21,2,1,2021
419,"2021-02-22","Monday   ",22,2,1,2021
420,"2021-02-23","Tuesday  ",23,2,1,2021
421,"2021-02-24","Wednesday",24,2,1,2021
422,"2021-02-25","Thursday ",25,2,1,2021
423,"2021-02-26","Friday   ",26,2,1,2021
424,"2021-02-27","Saturday ",27,2,1,2021
425,"2021-02-28","Sunday   ",28,2,1,2021
426,"2021-03-01","Monday   ",1,3,1,2021
427,"2021-03-02","Tuesday  ",2,3,1,2021
428,"2021-03-03","Wednesday",3,3,1,2021
429,"2021-03-04","Thursday ",4,3,1,2021
430,"2021-03-05","Friday   ",5,3,1,2021
431,"2021-03-06","Saturday ",6,3,1,2021
432,"2021-03-07","Sunday   ",7,3,1,2021
433,"2021-03-08","Monday   ",8,3,1,2021
434,"2021-03-09","Tuesday  ",9,3,1,2021
435,"2021-03-10","Wednesday",10,3,1,2021
436,"2021-03-11","Thursday ",11,3,1,2021
437,"2021-03-12","Friday   ",12,3,1,2021
438,"2021-03-13","Saturday ",13,3,1,2021
439,"2021-03-14","Sunday   ",14,3,1,2021
440,"2021-03-15","Monday   ",15,3,1,2021
441,"2021-03-16","Tuesday  ",16,3,1,2021
442,"2021-03-17","Wednesday",17,3,1,2021
443,"2021-03-18","Thursday ",18,3,1,2021
444,"2021-03-19","Friday   ",19,3,1,2021
445,"2021-03-20","Saturday ",20,3,1,2021
446,"2021-03-21","Sunday   ",21,3,1,2021
447,"2021-03-22","Monday   ",22,3,1,2021
448,"2021-03-23","Tuesday  ",23,3,1,2021
449,"2021-03-24","Wednesday",24,3,1,2021
450,"2021-03-25","Thursday ",25,3,1,2021
451,"2021-03-26","Friday   ",26,3,1,2021
452,"2021-03-27","Saturday ",27,3,1,2021
453,"2021-03-28","Sunday   ",28,3,1,2021
454,"2021-03-29","Monday   ",29,3,1,2021
455,"2021-03-30","Tuesday  ",30,3,1,2021
456,"2021-03-31","Wednesday",31,3,1,2021
457,"2021-04-01","Thursday ",1,4,2,2021
458,"2021-04-02","Friday   ",2,4,2,2021
459,"2021-04-03","Saturday ",3,4,2,2021
460,"2021-04-04","Sunday   ",4,4,2,2021
461,"2021-04-05","Monday   ",5,4,2,2021
462,"2021-04-06","Tuesday  ",6,4,2,2021
463,"2021-04-07","Wednesday",7,4,2,2021
464,"2021-04-08","Thursday ",8,4,2,2021
465,"2021-04-09","Friday   ",9,4,2,2021
466,"2021-04-10","Saturday ",10,4,2,2021
467,"2021-04-11","Sunday   ",11,4,2,2021
468,"2021-04-12","Monday   ",12,4,2,2021
469,"2021-04-13","Tuesday  ",13,4,2,2021
470,"2021-04-14","Wednesday",14,4,2,2021
471,"2021-04-15","Thursday ",15,4,2,2021
472,"2021-04-16","Friday   ",16,4,2,2021
473,"2021-04-17","Saturday ",17,4,2,2021
474,"2021-04-18","Sunday   ",18,4,2,2021
475,"2021-04-19","Monday   ",19,4,2,2021
476,"2021-04-20","Tuesday  ",20,4,2,2021
477,"2021-04-21","Wednesday",21,4,2,2021
478,"2021-04-22","Thursday ",22,4,2,2021
479,"2021-04-23","Friday   ",23,4,2,2021
480,"2021-04-24","Saturday ",24,4,2,2021
481,"2021-04-25","Sunday   ",25,4,2,2021
482,"2021-04-26","Monday   ",26,4,2,2021
483,"2021-04-27","Tuesday  ",27,4,2,2021
484,"2021-04-28","Wednesday",28,4,2,2021
485,"2021-04-29","Thursday ",29,4,2,2021
486,"2021-04-30","Friday   ",30,4,2,2021
487,"2021-05-01","Saturday ",1,5,2,2021
488,"2021-05-02","Sunday   ",2,5,2,2021
489,"2021-05-03","Monday   ",3,5,2,2021
490,"2021-05-04","Tuesday  ",4,5,2,2021
491,"2021-05-05","Wednesday",5,5,2,2021
492,"2021-05-06","Thursday ",6,5,2,2021
493,"2021-05-07","Friday   ",7,5,2,2021
494,"2021-05-08","Saturday ",8,5,2,2021
495,"2021-05-09","Sunday   ",9,5,2,2021
496,"2021-05-10","Monday   ",10,5,2,2021
497,"2021-05-11","Tuesday  ",11,5,2,2021
498,"2021-05-12","Wednesday",12,5,2,2021
499,"2021-05-13","Thursday ",13,5,2,2021
500,"2021-05-14","Friday   ",14,5,2,2021
501,"2021-05-15","Saturday ",15,5,2,2021
502,"2021-05-16","Sunday   ",16,5,2,2021
503,"2021-05-17","Monday   ",17,5,2,2021
504,"2021-05-18","Tuesday  ",18,5,2,2021
505,"2021-05-19","Wednesday",19,5,2,2021
506,"2021-05-20","Thursday ",20,5,2,2021
507,"2021-05-21","Friday   ",21,5,2,2021
508,"2021-05-22","Saturday ",22,5,2,2021
509,"2021-05-23","Sunday   ",23,5,2,2021
510,"2021-05-24","Monday   ",24,5,2,2021
511,"2021-05-25","Tuesday  ",25,5,2,2021
512,"2021-05-26","Wednesday",26,5,2,2021
513,"2021-05-27","Thursday ",27,5,2,2021
514,"2021-05-28","Friday   ",28,5,2,2021
515,"2021-05-29","Saturday ",29,5,2,2021
516,"2021-05-30","Sunday   ",30,5,2,2021
517,"2021-05-31","Monday   ",31,5,2,2021
518,"2021-06-01","Tuesday  ",1,6,2,2021
519,"2021-06-02","Wednesday",2,6,2,2021
520,"2021-06-03","Thursday ",3,6,2,2021
521,"2021-06-04","Friday   ",4,6,2,2021
522,"2021-06-05","Saturday ",5,6,2,2021
523,"2021-06-06","Sunday   ",6,6,2,2021
524,"2021-06-07","Monday   ",7,6,2,2021
525,"2021-06-08","Tuesday  ",8,6,2,2021
526,"2021-06-09","Wednesday",9,6,2,2021
527,"2021-06-10","Thursday ",10,6,2,2021
528,"2021-06-11","Friday   ",11,6,2,2021
529,"2021-06-12","Saturday ",12,6,2,2021
530,"2021-06-13","Sunday   ",13,6,2,2021
531,"2021-06-14","Monday   ",14,6,2,2021
532,"2021-06-15","Tuesday  ",15,6,2,2021
533,"2021-06-16","Wednesday",16,6,2,2021
534,"2021-06-17","Thursday ",17,6,2,2021
535,"2021-06-18","Friday   ",18,6,2,2021
536,"2021-06-19","Saturday ",19,6,2,2021
537,"2021-06-20","Sunday   ",20,6,2,2021
538,"2021-06-21","Monday   ",21,6,2,2021
539,"2021-06-22","Tuesday  ",22,6,2,2021
540,"2021-06-23","Wednesday",23,6,2,2021
541,"2021-06-24","Thursday ",24,6,2,2021
542,"2021-06-25","Friday   ",25,6,2,2021
543,"2021-06-26","Saturday ",26,6,2,2021
544,"2021-06-27","Sunday   ",27,6,2,2021
545,"2021-06-28","Monday   ",28,6,2,2021
546,"2021-06-29","Tuesday  ",29,6,2,2021
547,"2021-06-30","Wednesday",30,6,2,2021
548,"2021-07-01","Thursday ",1,7,3,2021
549,"2021-07-02","Friday   ",2,7,3,2021
550,"2021-07-03","Saturday ",3,7,3,2021
551,"2021-07-04","Sunday   ",4,7,3,2021
552,"2021-07-05","Monday   ",5,7,3,2021
553,"2021-07-06","Tuesday  ",6,7,3,2021
554,"2021-07-07","Wednesday",7,7,3,2021
555,"2021-07-08","Thursday ",8,7,3,2021
556,"2021-07-09","Friday   ",9,7,3,2021
557,"2021-07-10","Saturday ",10,7,3,2021
558,"2021-07-11","Sunday   ",11,7,3,2021
559,"2021-07-12","Monday   ",12,7,3,2021
560,"2021-07-13","Tuesday  ",13,7,3,2021
561,"2021-07-14","Wednesday",14,7,3,2021
562,"2021-07-15","Thursday ",15,7,3,2021
563,"2021-07-16","Friday   ",16,7,3,2021
564,"2021-07-17","Saturday ",17,7,3,2021
565,"2021-07-18","Sunday   ",18,7,3,2021
566,"2021-07-19","Monday   ",19,7,3,2021
567,"2021-07-20","Tuesday  ",20,7,3,2021
568,"2021-07-21","Wednesday",21,7,3,2021
569,"2021-07-22","Thursday ",22,7,3,2021
570,"2021-07-23","Friday   ",23,7,3,2021
571,"2021-07-24","Saturday ",24,7,3,2021
572,"2021-07-25","Sunday   ",25,7,3,2021
573,"2021-07-26","Monday   ",26,7,3,2021
574,"2021-07-27","Tuesday  ",27,7,3,2021
575,"2021-07-28","Wednesday",28,7,3,2021
576,"2021-07-29","Thursday ",29,7,3,2021
577,"2021-07-30","Friday   ",30,7,3,2021
578,"2021-07-31","Saturday ",31,7,3,2021
579,"2021-08-01","Sunday   ",1,8,3,2021
580,"2021-08-02","Monday   ",2,8,3,2021
581,"2021-08-03","Tuesday  ",3,8,3,2021
582,"2021-08-04","Wednesday",4,8,3,2021
583,"2021-08-05","Thursday ",5,8,3,2021
584,"2021-08-06","Friday   ",6,8,3,2021
585,"2021-08-07","Saturday ",7,8,3,2021
586,"2021-08-08","Sunday   ",8,8,3,2021
587,"2021-08-09","Monday   ",9,8,3,2021
588,"2021-08-10","Tuesday  ",10,8,3,2021
589,"2021-08-11","Wednesday",11,8,3,2021
590,"2021-08-12","Thursday ",12,8,3,2021
591,"2021-08-13","Friday   ",13,8,3,2021
592,"2021-08-14","Saturday ",14,8,3,2021
593,"2021-08-15","Sunday   ",15,8,3,2021
594,"2021-08-16","Monday   ",16,8,3,2021
595,"2021-08-17","Tuesday  ",17,8,3,2021
596,"2021-08-18","Wednesday",18,8,3,2021
597,"2021-08-19","Thursday ",19,8,3,2021
598,"2021-08-20","Friday   ",20,8,3,2021
599,"2021-08-21","Saturday ",21,8,3,2021
600,"2021-08-22","Sunday   ",22,8,3,2021
601,"2021-08-23","Monday   ",23,8,3,2021
602,"2021-08-24","Tuesday  ",24,8,3,2021
603,"2021-08-25","Wednesday",25,8,3,2021
604,"2021-08-26","Thursday ",26,8,3,2021
605,"2021-08-27","Friday   ",27,8,3,2021
606,"2021-08-28","Saturday ",28,8,3,2021
607,"2021-08-29","Sunday   ",29,8,3,2021
608,"2021-08-30","Monday   ",30,8,3,2021
609,"2021-08-31","Tuesday  ",31,8,3,2021
610,"2021-09-01","Wednesday",1,9,3,2021
611,"2021-09-02","Thursday ",2,9,3,2021
612,"2021-09-03","Friday   ",3,9,3,2021
613,"2021-09-04","Saturday ",4,9,3,2021
614,"2021-09-05","Sunday   ",5,9,3,2021
615,"2021-09-06","Monday   ",6,9,3,2021
616,"2021-09-07","Tuesday  ",7,9,3,2021
617,"2021-09-08","Wednesday",8,9,3,2021
618,"2021-09-09","Thursday ",9,9,3,2021
619,"2021-09-10","Friday   ",10,9,3,2021
620,"2021-09-11","Saturday ",11,9,3,2021
621,"2021-09-12","Sunday   ",12,9,3,2021
622,"2021-09-13","Monday   ",13,9,3,2021
623,"2021-09-14","Tuesday  ",14,9,3,2021
624,"2021-09-15","Wednesday",15,9,3,2021
625,"2021-09-16","Thursday ",16,9,3,2021
626,"2021-09-17","Friday   ",17,9,3,2021
627,"2021-09-18","Saturday ",18,9,3,2021
628,"2021-09-19","Sunday   ",19,9,3,2021
629,"2021-09-20","Monday   ",20,9,3,2021
630,"2021-09-21","Tuesday  ",21,9,3,2021
631,"2021-09-22","Wednesday",22,9,3,2021
632,"2021-09-23","Thursday ",23,9,3,2021
633,"2021-09-24","Friday   ",24,9,3,2021
634,"2021-09-25","Saturday ",25,9,3,2021
635,"2021-09-26","Sunday   ",26,9,3,2021
636,"2021-09-27","Monday   ",27,9,3,2021
637,"2021-09-28","Tuesday  ",28,9,3,2021
638,"2021-09-29","Wednesday",29,9,3,2021
639,"2021-09-30","Thursday ",30,9,3,2021
640,"2021-10-01","Friday   ",1,10,4,2021
641,"2021-10-02","Saturday ",2,10,4,2021
642,"2021-10-03","Sunday   ",3,10,4,2021
643,"2021-10-04","Monday   ",4,10,4,2021
644,"2021-10-05","Tuesday  ",5,10,4,2021
645,"2021-10-06","Wednesday",6,10,4,2021
646,"2021-10-07","Thursday ",7,10,4,2021
647,"2021-10-08","Friday   ",8,10,4,2021
648,"2021-10-09","Saturday ",9,10,4,2021
649,"2021-10-10","Sunday   ",10,10,4,2021
650,"2021-10-11","Monday   ",11,10,4,2021
651,"2021-10-12","Tuesday  ",12,10,4,2021
652,"2021-10-13","Wednesday",13,10,4,2021
653,"2021-10-14","Thursday ",14,10,4,2021
654,"2021-10-15","Friday   ",15,10,4,2021
655,"2021-10-16","Saturday ",16,10,4,2021
656,"2021-10-17","Sunday   ",17,10,4,2021
657,"2021-10-18","Monday   ",18,10,4,2021
658,"2021-10-19","Tuesday  ",19,10,4,2021
659,"2021-10-20","Wednesday",20,10,4,2021
660,"2021-10-21","Thursday ",21,10,4,2021
661,"2021-10-22","Friday   ",22,10,4,2021
662,"2021-10-23","Saturday ",23,10,4,2021
663,"2021-10-24","Sunday   ",24,10,4,2021
664,"2021-10-25","Monday   ",25,10,4,2021
665,"2021-10-26","Tuesday  ",26,10,4,2021
666,"2021-10-27","Wednesday",27,10,4,2021
667,"2021-10-28","Thursday ",28,10,4,2021
668,"2021-10-29","Friday   ",29,10,4,2021
669,"2021-10-30","Saturday ",30,10,4,2021
670,"2021-10-31","Sunday   ",31,10,4,2021
671,"2021-11-01","Monday   ",1,11,4,2021
672,"2021-11-02","Tuesday  ",2,11,4,2021
673,"2021-11-03","Wednesday",3,11,4,2021
674,"2021-11-04","Thursday ",4,11,4,2021
675,"2021-11-05","Friday   ",5,11,4,2021
676,"2021-11-06","Saturday ",6,11,4,2021
677,"2021-11-07","Sunday   ",7,11,4,2021
678,"2021-11-08","Monday   ",8,11,4,2021
679,"2021-11-09","Tuesday  ",9,11,4,2021
680,"2021-11-10","Wednesday",10,11,4,2021
681,"2021-11-11","Thursday ",11,11,4,2021
682,"2021-11-12","Friday   ",12,11,4,2021
683,"2021-11-13","Saturday ",13,11,4,2021
684,"2021-11-14","Sunday   ",14,11,4,2021
685,"2021-11-15","Monday   ",15,11,4,2021
686,"2021-11-16","Tuesday  ",16,11,4,2021
687,"2021-11-17","Wednesday",17,11,4,2021
688,"2021-11-18","Thursday ",18,11,4,2021
689,"2021-11-19","Friday   ",19,11,4,2021
690,"2021-11-20","Saturday ",20,11,4,2021
691,"2021-11-21","Sunday   ",21,11,4,2021
692,"2021-11-22","Monday   ",22,11,4,2021
693,"2021-11-23","Tuesday  ",23,11,4,2021
694,"2021-11-24","Wednesday",24,11,4,2021
695,"2021-11-25","Thursday ",25,11,4,2021
696,"2021-11-26","Friday   ",26,11,4,2021
697,"2021-11-27","Saturday ",27,11,4,2021
698,"2021-11-28","Sunday   ",28,11,4,2021
699,"2021-11-29","Monday   ",29,11,4,2021
700,"2021-11-30","Tuesday  ",30,11,4,2021
701,"2021-12-01","Wednesday",1,12,4,2021
702,"2021-12-02","Thursday ",2,12,4,2021
703,"2021-12-03","Friday   ",3,12,4,2021
704,"2021-12-04","Saturday ",4,12,4,2021
705,"2021-12-05","Sunday   ",5,12,4,2021
706,"2021-12-06","Monday   ",6,12,4,2021
707,"2021-12-07","Tuesday  ",7,12,4,2021
708,"2021-12-08","Wednesday",8,12,4,2021
709,"2021-12-09","Thursday ",9,12,4,2021
710,"2021-12-10","Friday   ",10,12,4,2021
711,"2021-12-11","Saturday ",11,12,4,2021
712,"2021-12-12","Sunday   ",12,12,4,2021
713,"2021-12-13","Monday   ",13,12,4,2021
714,"2021-12-14","Tuesday  ",14,12,4,2021
715,"2021-12-15","Wednesday",15,12,4,2021
716,"2021-12-16","Thursday ",16,12,4,2021
717,"2021-12-17","Friday   ",17,12,4,2021
718,"2021-12-18","Saturday ",18,12,4,2021
719,"2021-12-19","Sunday   ",19,12,4,2021
720,"2021-12-20","Monday   ",20,12,4,2021
721,"2021-12-21","Tuesday  ",21,12,4,2021
722,"2021-12-22","Wednesday",22,12,4,2021
723,"2021-12-23","Thursday ",23,12,4,2021
724,"2021-12-24","Friday   ",24,12,4,2021
725,"2021-12-25","Saturday ",25,12,4,2021
726,"2021-12-26","Sunday   ",26,12,4,2021
727,"2021-12-27","Monday   ",27,12,4,2021
728,"2021-12-28","Tuesday  ",28,12,4,2021
729,"2021-12-29","Wednesday",29,12,4,2021
730,"2021-12-30","Thursday ",30,12,4,2021
731,"2021-12-31","Friday   ",31,12,4,2021
732,"2022-01-01","Saturday ",1,1,1,2022
733,"2022-01-02","Sunday   ",2,1,1,2022
734,"2022-01-03","Monday   ",3,1,1,2022
735,"2022-01-04","Tuesday  ",4,1,1,2022
736,"2022-01-05","Wednesday",5,1,1,2022
737,"2022-01-06","Thursday ",6,1,1,2022
738,"2022-01-07","Friday   ",7,1,1,2022
739,"2022-01-08","Saturday ",8,1,1,2022
740,"2022-01-09","Sunday   ",9,1,1,2022
741,"2022-01-10","Monday   ",10,1,1,2022
742,"2022-01-11","Tuesday  ",11,1,1,2022
743,"2022-01-12","Wednesday",12,1,1,2022
744,"2022-01-13","Thursday ",13,1,1,2022
745,"2022-01-14","Friday   ",14,1,1,2022
746,"2022-01-15","Saturday ",15,1,1,2022
747,"2022-01-16","Sunday   ",16,1,1,2022
748,"2022-01-17","Monday   ",17,1,1,2022
749,"2022-01-18","Tuesday  ",18,1,1,2022
750,"2022-01-19","Wednesday",19,1,1,2022
751,"2022-01-20","Thursday ",20,1,1,2022
752,"2022-01-21","Friday   ",21,1,1,2022
753,"2022-01-22","Saturday ",22,1,1,2022
754,"2022-01-23","Sunday   ",23,1,1,2022
755,"2022-01-24","Monday   ",24,1,1,2022
756,"2022-01-25","Tuesday  ",25,1,1,2022
757,"2022-01-26","Wednesday",26,1,1,2022
758,"2022-01-27","Thursday ",27,1,1,2022
759,"2022-01-28","Friday   ",28,1,1,2022
760,"2022-01-29","Saturday ",29,1,1,2022
761,"2022-01-30","Sunday   ",30,1,1,2022
762,"2022-01-31","Monday   ",31,1,1,2022
763,"2022-02-01","Tuesday  ",1,2,1,2022
764,"2022-02-02","Wednesday",2,2,1,2022
765,"2022-02-03","Thursday ",3,2,1,2022
766,"2022-02-04","Friday   ",4,2,1,2022
767,"2022-02-05","Saturday ",5,2,1,2022
768,"2022-02-06","Sunday   ",6,2,1,2022
769,"2022-02-07","Monday   ",7,2,1,2022
770,"2022-02-08","Tuesday  ",8,2,1,2022
771,"2022-02-09","Wednesday",9,2,1,2022
772,"2022-02-10","Thursday ",10,2,1,2022
773,"2022-02-11","Friday   ",11,2,1,2022
774,"2022-02-12","Saturday ",12,2,1,2022
775,"2022-02-13","Sunday   ",13,2,1,2022
776,"2022-02-14","Monday   ",14,2,1,2022
777,"2022-02-15","Tuesday  ",15,2,1,2022
778,"2022-02-16","Wednesday",16,2,1,2022
779,"2022-02-17","Thursday ",17,2,1,2022
780,"2022-02-18","Friday   ",18,2,1,2022
781,"2022-02-19","Saturday ",19,2,1,2022
782,"2022-02-20","Sunday   ",20,2,1,2022
783,"2022-02-21","Monday   ",21,2,1,2022
784,"2022-02-22","Tuesday  ",22,2,1,2022
785,"2022-02-23","Wednesday",23,2,1,2022
786,"2022-02-24","Thursday ",24,2,1,2022
787,"2022-02-25","Friday   ",25,2,1,2022
788,"2022-02-26","Saturday ",26,2,1,2022
789,"2022-02-27","Sunday   ",27,2,1,2022
790,"2022-02-28","Monday   ",28,2,1,2022
791,"2022-03-01","Tuesday  ",1,3,1,2022
792,"2022-03-02","Wednesday",2,3,1,2022
793,"2022-03-03","Thursday ",3,3,1,2022
794,"2022-03-04","Friday   ",4,3,1,2022
795,"2022-03-05","Saturday ",5,3,1,2022
796,"2022-03-06","Sunday   ",6,3,1,2022
797,"2022-03-07","Monday   ",7,3,1,2022
798,"2022-03-08","Tuesday  ",8,3,1,2022
799,"2022-03-09","Wednesday",9,3,1,2022
800,"2022-03-10","Thursday ",10,3,1,2022
801,"2022-03-11","Friday   ",11,3,1,2022
802,"2022-03-12","Saturday ",12,3,1,2022
803,"2022-03-13","Sunday   ",13,3,1,2022
804,"2022-03-14","Monday   ",14,3,1,2022
805,"2022-03-15","Tuesday  ",15,3,1,2022
806,"2022-03-16","Wednesday",16,3,1,2022
807,"2022-03-17","Thursday ",17,3,1,2022
808,"2022-03-18","Friday   ",18,3,1,2022
809,"2022-03-19","Saturday ",19,3,1,2022
810,"2022-03-20","Sunday   ",20,3,1,2022
811,"2022-03-21","Monday   ",21,3,1,2022
812,"2022-03-22","Tuesday  ",22,3,1,2022
813,"2022-03-23","Wednesday",23,3,1,2022
814,"2022-03-24","Thursday ",24,3,1,2022
815,"2022-03-25","Friday   ",25,3,1,2022
816,"2022-03-26","Saturday ",26,3,1,2022
817,"2022-03-27","Sunday   ",27,3,1,2022
818,"2022-03-28","Monday   ",28,3,1,2022
819,"2022-03-29","Tuesday  ",29,3,1,2022
820,"2022-03-30","Wednesday",30,3,1,2022
821,"2022-03-31","Thursday ",31,3,1,2022
822,"2022-04-01","Friday   ",1,4,2,2022
823,"2022-04-02","Saturday ",2,4,2,2022
824,"2022-04-03","Sunday   ",3,4,2,2022
825,"2022-04-04","Monday   ",4,4,2,2022
826,"2022-04-05","Tuesday  ",5,4,2,2022
827,"2022-04-06","Wednesday",6,4,2,2022
828,"2022-04-07","Thursday ",7,4,2,2022
829,"2022-04-08","Friday   ",8,4,2,2022
830,"2022-04-09","Saturday ",9,4,2,2022
831,"2022-04-10","Sunday   ",10,4,2,2022
832,"2022-04-11","Monday   ",11,4,2,2022
833,"2022-04-12","Tuesday  ",12,4,2,2022
834,"2022-04-13","Wednesday",13,4,2,2022
835,"2022-04-14","Thursday ",14,4,2,2022
836,"2022-04-15","Friday   ",15,4,2,2022
837,"2022-04-16","Saturday ",16,4,2,2022
838,"2022-04-17","Sunday   ",17,4,2,2022
839,"2022-04-18","Monday   ",18,4,2,2022
840,"2022-04-19","Tuesday  ",19,4,2,2022
841,"2022-04-20","Wednesday",20,4,2,2022
842,"2022-04-21","Thursday ",21,4,2,2022
843,"2022-04-22","Friday   ",22,4,2,2022
844,"2022-04-23","Saturday ",23,4,2,2022
845,"2022-04-24","Sunday   ",24,4,2,2022
846,"2022-04-25","Monday   ",25,4,2,2022
847,"2022-04-26","Tuesday  ",26,4,2,2022
848,"2022-04-27","Wednesday",27,4,2,2022
849,"2022-04-28","Thursday ",28,4,2,2022
850,"2022-04-29","Friday   ",29,4,2,2022
851,"2022-04-30","Saturday ",30,4,2,2022
852,"2022-05-01","Sunday   ",1,5,2,2022
853,"2022-05-02","Monday   ",2,5,2,2022
854,"2022-05-03","Tuesday  ",3,5,2,2022
855,"2022-05-04","Wednesday",4,5,2,2022
856,"2022-05-05","Thursday ",5,5,2,2022
857,"2022-05-06","Friday   ",6,5,2,2022
858,"2022-05-07","Saturday ",7,5,2,2022
859,"2022-05-08","Sunday   ",8,5,2,2022
860,"2022-05-09","Monday   ",9,5,2,2022
861,"2022-05-10","Tuesday  ",10,5,2,2022
862,"2022-05-11","Wednesday",11,5,2,2022
863,"2022-05-12","Thursday ",12,5,2,2022
864,"2022-05-13","Friday   ",13,5,2,2022
865,"2022-05-14","Saturday ",14,5,2,2022
866,"2022-05-15","Sunday   ",15,5,2,2022
867,"2022-05-16","Monday   ",16,5,2,2022
868,"2022-05-17","Tuesday  ",17,5,2,2022
869,"2022-05-18","Wednesday",18,5,2,2022
870,"2022-05-19","Thursday ",19,5,2,2022
871,"2022-05-20","Friday   ",20,5,2,2022
872,"2022-05-21","Saturday ",21,5,2,2022
873,"2022-05-22","Sunday   ",22,5,2,2022
874,"2022-05-23","Monday   ",23,5,2,2022
875,"2022-05-24","Tuesday  ",24,5,2,2022
876,"2022-05-25","Wednesday",25,5,2,2022
877,"2022-05-26","Thursday ",26,5,2,2022
878,"2022-05-27","Friday   ",27,5,2,2022
879,"2022-05-28","Saturday ",28,5,2,2022
880,"2022-05-29","Sunday   ",29,5,2,2022
881,"2022-05-30","Monday   ",30,5,2,2022
882,"2022-05-31","Tuesday  ",31,5,2,2022
883,"2022-06-01","Wednesday",1,6,2,2022
884,"2022-06-02","Thursday ",2,6,2,2022
885,"2022-06-03","Friday   ",3,6,2,2022
886,"2022-06-04","Saturday ",4,6,2,2022
887,"2022-06-05","Sunday   ",5,6,2,2022
888,"2022-06-06","Monday   ",6,6,2,2022
889,"2022-06-07","Tuesday  ",7,6,2,2022
890,"2022-06-08","Wednesday",8,6,2,2022
891,"2022-06-09","Thursday ",9,6,2,2022
892,"2022-06-10","Friday   ",10,6,2,2022
893,"2022-06-11","Saturday ",11,6,2,2022
894,"2022-06-12","Sunday   ",12,6,2,2022
895,"2022-06-13","Monday   ",13,6,2,2022
896,"2022-06-14","Tuesday  ",14,6,2,2022
897,"2022-06-15","Wednesday",15,6,2,2022
898,"2022-06-16","Thursday ",16,6,2,2022
899,"2022-06-17","Friday   ",17,6,2,2022
900,"2022-06-18","Saturday ",18,6,2,2022
901,"2022-06-19","Sunday   ",19,6,2,2022
902,"2022-06-20","Monday   ",20,6,2,2022
903,"2022-06-21","Tuesday  ",21,6,2,2022
904,"2022-06-22","Wednesday",22,6,2,2022
905,"2022-06-23","Thursday ",23,6,2,2022
906,"2022-06-24","Friday   ",24,6,2,2022
907,"2022-06-25","Saturday ",25,6,2,2022
908,"2022-06-26","Sunday   ",26,6,2,2022
909,"2022-06-27","Monday   ",27,6,2,2022
910,"2022-06-28","Tuesday  ",28,6,2,2022
911,"2022-06-29","Wednesday",29,6,2,2022
912,"2022-06-30","Thursday ",30,6,2,2022
913,"2022-07-01","Friday   ",1,7,3,2022
914,"2022-07-02","Saturday ",2,7,3,2022
915,"2022-07-03","Sunday   ",3,7,3,2022
916,"2022-07-04","Monday   ",4,7,3,2022
917,"2022-07-05","Tuesday  ",5,7,3,2022
918,"2022-07-06","Wednesday",6,7,3,2022
919,"2022-07-07","Thursday ",7,7,3,2022
920,"2022-07-08","Friday   ",8,7,3,2022
921,"2022-07-09","Saturday ",9,7,3,2022
922,"2022-07-10","Sunday   ",10,7,3,2022
923,"2022-07-11","Monday   ",11,7,3,2022
924,"2022-07-12","Tuesday  ",12,7,3,2022
925,"2022-07-13","Wednesday",13,7,3,2022
926,"2022-07-14","Thursday ",14,7,3,2022
927,"2022-07-15","Friday   ",15,7,3,2022
928,"2022-07-16","Saturday ",16,7,3,2022
929,"2022-07-17","Sunday   ",17,7,3,2022
930,"2022-07-18","Monday   ",18,7,3,2022
931,"2022-07-19","Tuesday  ",19,7,3,2022
932,"2022-07-20","Wednesday",20,7,3,2022
933,"2022-07-21","Thursday ",21,7,3,2022
934,"2022-07-22","Friday   ",22,7,3,2022
935,"2022-07-23","Saturday ",23,7,3,2022
936,"2022-07-24","Sunday   ",24,7,3,2022
937,"2022-07-25","Monday   ",25,7,3,2022
938,"2022-07-26","Tuesday  ",26,7,3,2022
939,"2022-07-27","Wednesday",27,7,3,2022
940,"2022-07-28","Thursday ",28,7,3,2022
941,"2022-07-29","Friday   ",29,7,3,2022
942,"2022-07-30","Saturday ",30,7,3,2022
943,"2022-07-31","Sunday   ",31,7,3,2022
944,"2022-08-01","Monday   ",1,8,3,2022
945,"2022-08-02","Tuesday  ",2,8,3,2022
946,"2022-08-03","Wednesday",3,8,3,2022
947,"2022-08-04","Thursday ",4,8,3,2022
948,"2022-08-05","Friday   ",5,8,3,2022
949,"2022-08-06","Saturday ",6,8,3,2022
950,"2022-08-07","Sunday   ",7,8,3,2022
951,"2022-08-08","Monday   ",8,8,3,2022
952,"2022-08-09","Tuesday  ",9,8,3,2022
953,"2022-08-10","Wednesday",10,8,3,2022
954,"2022-08-11","Thursday ",11,8,3,2022
955,"2022-08-12","Friday   ",12,8,3,2022
956,"2022-08-13","Saturday ",13,8,3,2022
957,"2022-08-14","Sunday   ",14,8,3,2022
958,"2022-08-15","Monday   ",15,8,3,2022
959,"2022-08-16","Tuesday  ",16,8,3,2022
960,"2022-08-17","Wednesday",17,8,3,2022
961,"2022-08-18","Thursday ",18,8,3,2022
962,"2022-08-19","Friday   ",19,8,3,2022
963,"2022-08-20","Saturday ",20,8,3,2022
964,"2022-08-21","Sunday   ",21,8,3,2022
965,"2022-08-22","Monday   ",22,8,3,2022
966,"2022-08-23","Tuesday  ",23,8,3,2022
967,"2022-08-24","Wednesday",24,8,3,2022
968,"2022-08-25","Thursday ",25,8,3,2022
969,"2022-08-26","Friday   ",26,8,3,2022
970,"2022-08-27","Saturday ",27,8,3,2022
971,"2022-08-28","Sunday   ",28,8,3,2022
972,"2022-08-29","Monday   ",29,8,3,2022
973,"2022-08-30","Tuesday  ",30,8,3,2022
974,"2022-08-31","Wednesday",31,8,3,2022
975,"2022-09-01","Thursday ",1,9,3,2022
976,"2022-09-02","Friday   ",2,9,3,2022
977,"2022-09-03","Saturday ",3,9,3,2022
978,"2022-09-04","Sunday   ",4,9,3,2022
979,"2022-09-05","Monday   ",5,9,3,2022
980,"2022-09-06","Tuesday  ",6,9,3,2022
981,"2022-09-07","Wednesday",7,9,3,2022
982,"2022-09-08","Thursday ",8,9,3,2022
983,"2022-09-09","Friday   ",9,9,3,2022
984,"2022-09-10","Saturday ",10,9,3,2022
985,"2022-09-11","Sunday   ",11,9,3,2022
986,"2022-09-12","Monday   ",12,9,3,2022
987,"2022-09-13","Tuesday  ",13,9,3,2022
988,"2022-09-14","Wednesday",14,9,3,2022
989,"2022-09-15","Thursday ",15,9,3,2022
990,"2022-09-16","Friday   ",16,9,3,2022
991,"2022-09-17","Saturday ",17,9,3,2022
992,"2022-09-18","Sunday   ",18,9,3,2022
993,"2022-09-19","Monday   ",19,9,3,2022
994,"2022-09-20","Tuesday  ",20,9,3,2022
995,"2022-09-21","Wednesday",21,9,3,2022
996,"2022-09-22","Thursday ",22,9,3,2022
997,"2022-09-23","Friday   ",23,9,3,2022
998,"2022-09-24","Saturday ",24,9,3,2022
999,"2022-09-25","Sunday   ",25,9,3,2022
1000,"2022-09-26","Monday   ",26,9,3,2022
1001,"2022-09-27","Tuesday  ",27,9,3,2022
1002,"2022-09-28","Wednesday",28,9,3,2022
1003,"2022-09-29","Thursday ",29,9,3,2022
1004,"2022-09-30","Friday   ",30,9,3,2022
1005,"2022-10-01","Saturday ",1,10,4,2022
1006,"2022-10-02","Sunday   ",2,10,4,2022
1007,"2022-10-03","Monday   ",3,10,4,2022
1008,"2022-10-04","Tuesday  ",4,10,4,2022
1009,"2022-10-05","Wednesday",5,10,4,2022
1010,"2022-10-06","Thursday ",6,10,4,2022
1011,"2022-10-07","Friday   ",7,10,4,2022
1012,"2022-10-08","Saturday ",8,10,4,2022
1013,"2022-10-09","Sunday   ",9,10,4,2022
1014,"2022-10-10","Monday   ",10,10,4,2022
1015,"2022-10-11","Tuesday  ",11,10,4,2022
1016,"2022-10-12","Wednesday",12,10,4,2022
1017,"2022-10-13","Thursday ",13,10,4,2022
1018,"2022-10-14","Friday   ",14,10,4,2022
1019,"2022-10-15","Saturday ",15,10,4,2022
1020,"2022-10-16","Sunday   ",16,10,4,2022
1021,"2022-10-17","Monday   ",17,10,4,2022
1022,"2022-10-18","Tuesday  ",18,10,4,2022
1023,"2022-10-19","Wednesday",19,10,4,2022
1024,"2022-10-20","Thursday ",20,10,4,2022
1025,"2022-10-21","Friday   ",21,10,4,2022
1026,"2022-10-22","Saturday ",22,10,4,2022
1027,"2022-10-23","Sunday   ",23,10,4,2022
1028,"2022-10-24","Monday   ",24,10,4,2022
1029,"2022-10-25","Tuesday  ",25,10,4,2022
1030,"2022-10-26","Wednesday",26,10,4,2022
1031,"2022-10-27","Thursday ",27,10,4,2022
1032,"2022-10-28","Friday   ",28,10,4,2022
1033,"2022-10-29","Saturday ",29,10,4,2022
1034,"2022-10-30","Sunday   ",30,10,4,2022
1035,"2022-10-31","Monday   ",31,10,4,2022
1036,"2022-11-01","Tuesday  ",1,11,4,2022
1037,"2022-11-02","Wednesday",2,11,4,2022
1038,"2022-11-03","Thursday ",3,11,4,2022
1039,"2022-11-04","Friday   ",4,11,4,2022
1040,"2022-11-05","Saturday ",5,11,4,2022
1041,"2022-11-06","Sunday   ",6,11,4,2022
1042,"2022-11-07","Monday   ",7,11,4,2022
1043,"2022-11-08","Tuesday  ",8,11,4,2022
1044,"2022-11-09","Wednesday",9,11,4,2022
1045,"2022-11-10","Thursday ",10,11,4,2022
1046,"2022-11-11","Friday   ",11,11,4,2022
1047,"2022-11-12","Saturday ",12,11,4,2022
1048,"2022-11-13","Sunday   ",13,11,4,2022
1049,"2022-11-14","Monday   ",14,11,4,2022
1050,"2022-11-15","Tuesday  ",15,11,4,2022
1051,"2022-11-16","Wednesday",16,11,4,2022
1052,"2022-11-17","Thursday ",17,11,4,2022
1053,"2022-11-18","Friday   ",18,11,4,2022
1054,"2022-11-19","Saturday ",19,11,4,2022
1055,"2022-11-20","Sunday   ",20,11,4,2022
1056,"2022-11-21","Monday   ",21,11,4,2022
1057,"2022-11-22","Tuesday  ",22,11,4,2022
1058,"2022-11-23","Wednesday",23,11,4,2022
1059,"2022-11-24","Thursday ",24,11,4,2022
1060,"2022-11-25","Friday   ",25,11,4,2022
1061,"2022-11-26","Saturday ",26,11,4,2022
1062,"2022-11-27","Sunday   ",27,11,4,2022
1063,"2022-11-28","Monday   ",28,11,4,2022
1064,"2022-11-29","Tuesday  ",29,11,4,2022
1065,"2022-11-30","Wednesday",30,11,4,2022
1066,"2022-12-01","Thursday ",1,12,4,2022
1067,"2022-12-02","Friday   ",2,12,4,2022
1068,"2022-12-03","Saturday ",3,12,4,2022
1069,"2022-12-04","Sunday   ",4,12,4,2022
1070,"2022-12-05","Monday   ",5,12,4,2022
1071,"2022-12-06","Tuesday  ",6,12,4,2022
1072,"2022-12-07","Wednesday",7,12,4,2022
1073,"2022-12-08","Thursday ",8,12,4,2022
1074,"2022-12-09","Friday   ",9,12,4,2022
1075,"2022-12-10","Saturday ",10,12,4,2022
1076,"2022-12-11","Sunday   ",11,12,4,2022
1077,"2022-12-12","Monday   ",12,12,4,2022
1078,"2022-12-13","Tuesday  ",13,12,4,2022
1079,"2022-12-14","Wednesday",14,12,4,2022
1080,"2022-12-15","Thursday ",15,12,4,2022
1081,"2022-12-16","Friday   ",16,12,4,2022
1082,"2022-12-17","Saturday ",17,12,4,2022
1083,"2022-12-18","Sunday   ",18,12,4,2022
1084,"2022-12-19","Monday   ",19,12,4,2022
1085,"2022-12-20","Tuesday  ",20,12,4,2022
1086,"2022-12-21","Wednesday",21,12,4,2022
1087,"2022-12-22","Thursday ",22,12,4,2022
1088,"2022-12-23","Friday   ",23,12,4,2022
1089,"2022-12-24","Saturday ",24,12,4,2022
1090,"2022-12-25","Sunday   ",25,12,4,2022
1091,"2022-12-26","Monday   ",26,12,4,2022
1092,"2022-12-27","Tuesday  ",27,12,4,2022
1093,"2022-12-28","Wednesday",28,12,4,2022
1094,"2022-12-29","Thursday ",29,12,4,2022
1095,"2022-12-30","Friday   ",30,12,4,2022
1096,"2022-12-31","Saturday ",31,12,4,2022
1097,"2023-01-01","Sunday   ",1,1,1,2023
1098,"2023-01-02","Monday   ",2,1,1,2023
1099,"2023-01-03","Tuesday  ",3,1,1,2023
1100,"2023-01-04","Wednesday",4,1,1,2023
1101,"2023-01-05","Thursday ",5,1,1,2023
1102,"2023-01-06","Friday   ",6,1,1,2023
1103,"2023-01-07","Saturday ",7,1,1,2023
1104,"2023-01-08","Sunday   ",8,1,1,2023
1105,"2023-01-09","Monday   ",9,1,1,2023
1106,"2023-01-10","Tuesday  ",10,1,1,2023
1107,"2023-01-11","Wednesday",11,1,1,2023
1108,"2023-01-12","Thursday ",12,1,1,2023
1109,"2023-01-13","Friday   ",13,1,1,2023
1110,"2023-01-14","Saturday ",14,1,1,2023
1111,"2023-01-15","Sunday   ",15,1,1,2023
1112,"2023-01-16","Monday   ",16,1,1,2023
1113,"2023-01-17","Tuesday  ",17,1,1,2023
1114,"2023-01-18","Wednesday",18,1,1,2023
1115,"2023-01-19","Thursday ",19,1,1,2023
1116,"2023-01-20","Friday   ",20,1,1,2023
1117,"2023-01-21","Saturday ",21,1,1,2023
1118,"2023-01-22","Sunday   ",22,1,1,2023
1119,"2023-01-23","Monday   ",23,1,1,2023
1120,"2023-01-24","Tuesday  ",24,1,1,2023
1121,"2023-01-25","Wednesday",25,1,1,2023
1122,"2023-01-26","Thursday ",26,1,1,2023
1123,"2023-01-27","Friday   ",27,1,1,2023
1124,"2023-01-28","Saturday ",28,1,1,2023
1125,"2023-01-29","Sunday   ",29,1,1,2023
1126,"2023-01-30","Monday   ",30,1,1,2023
1127,"2023-01-31","Tuesday  ",31,1,1,2023
1128,"2023-02-01","Wednesday",1,2,1,2023
1129,"2023-02-02","Thursday ",2,2,1,2023
1130,"2023-02-03","Friday   ",3,2,1,2023
1131,"2023-02-04","Saturday ",4,2,1,2023
1132,"2023-02-05","Sunday   ",5,2,1,2023
1133,"2023-02-06","Monday   ",6,2,1,2023
1134,"2023-02-07","Tuesday  ",7,2,1,2023
1135,"2023-02-08","Wednesday",8,2,1,2023
1136,"2023-02-09","Thursday ",9,2,1,2023
1137,"2023-02-10","Friday   ",10,2,1,2023
1138,"2023-02-11","Saturday ",11,2,1,2023
1139,"2023-02-12","Sunday   ",12,2,1,2023
1140,"2023-02-13","Monday   ",13,2,1,2023
1141,"2023-02-14","Tuesday  ",14,2,1,2023
1142,"2023-02-15","Wednesday",15,2,1,2023
1143,"2023-02-16","Thursday ",16,2,1,2023
1144,"2023-02-17","Friday   ",17,2,1,2023
1145,"2023-02-18","Saturday ",18,2,1,2023
1146,"2023-02-19","Sunday   ",19,2,1,2023
1147,"2023-02-20","Monday   ",20,2,1,2023
1148,"2023-02-21","Tuesday  ",21,2,1,2023
1149,"2023-02-22","Wednesday",22,2,1,2023
1150,"2023-02-23","Thursday ",23,2,1,2023
1151,"2023-02-24","Friday   ",24,2,1,2023
1152,"2023-02-25","Saturday ",25,2,1,2023
1153,"2023-02-26","Sunday   ",26,2,1,2023
1154,"2023-02-27","Monday   ",27,2,1,2023
1155,"2023-02-28","Tuesday  ",28,2,1,2023
1156,"2023-03-01","Wednesday",1,3,1,2023
1157,"2023-03-02","Thursday ",2,3,1,2023
1158,"2023-03-03","Friday   ",3,3,1,2023
1159,"2023-03-04","Saturday ",4,3,1,2023
1160,"2023-03-05","Sunday   ",5,3,1,2023
1161,"2023-03-06","Monday   ",6,3,1,2023
1162,"2023-03-07","Tuesday  ",7,3,1,2023
1163,"2023-03-08","Wednesday",8,3,1,2023
1164,"2023-03-09","Thursday ",9,3,1,2023
1165,"2023-03-10","Friday   ",10,3,1,2023
1166,"2023-03-11","Saturday ",11,3,1,2023
1167,"2023-03-12","Sunday   ",12,3,1,2023
1168,"2023-03-13","Monday   ",13,3,1,2023
1169,"2023-03-14","Tuesday  ",14,3,1,2023
1170,"2023-03-15","Wednesday",15,3,1,2023
1171,"2023-03-16","Thursday ",16,3,1,2023
1172,"2023-03-17","Friday   ",17,3,1,2023
1173,"2023-03-18","Saturday ",18,3,1,2023
1174,"2023-03-19","Sunday   ",19,3,1,2023
1175,"2023-03-20","Monday   ",20,3,1,2023
1176,"2023-03-21","Tuesday  ",21,3,1,2023
1177,"2023-03-22","Wednesday",22,3,1,2023
1178,"2023-03-23","Thursday ",23,3,1,2023
1179,"2023-03-24","Friday   ",24,3,1,2023
1180,"2023-03-25","Saturday ",25,3,1,2023
1181,"2023-03-26","Sunday   ",26,3,1,2023
1182,"2023-03-27","Monday   ",27,3,1,2023
1183,"2023-03-28","Tuesday  ",28,3,1,2023
1184,"2023-03-29","Wednesday",29,3,1,2023
1185,"2023-03-30","Thursday ",30,3,1,2023
1186,"2023-03-31","Friday   ",31,3,1,2023
1187,"2023-04-01","Saturday ",1,4,2,2023
1188,"2023-04-02","Sunday   ",2,4,2,2023
1189,"2023-04-03","Monday   ",3,4,2,2023
1190,"2023-04-04","Tuesday  ",4,4,2,2023
1191,"2023-04-05","Wednesday",5,4,2,2023
1192,"2023-04-06","Thursday ",6,4,2,2023
1193,"2023-04-07","Friday   ",7,4,2,2023
1194,"2023-04-08","Saturday ",8,4,2,2023
1195,"2023-04-09","Sunday   ",9,4,2,2023
1196,"2023-04-10","Monday   ",10,4,2,2023
1197,"2023-04-11","Tuesday  ",11,4,2,2023
1198,"2023-04-12","Wednesday",12,4,2,2023
1199,"2023-04-13","Thursday ",13,4,2,2023
1200,"2023-04-14","Friday   ",14,4,2,2023
1201,"2023-04-15","Saturday ",15,4,2,2023
1202,"2023-04-16","Sunday   ",16,4,2,2023
1203,"2023-04-17","Monday   ",17,4,2,2023
1204,"2023-04-18","Tuesday  ",18,4,2,2023
1205,"2023-04-19","Wednesday",19,4,2,2023
1206,"2023-04-20","Thursday ",20,4,2,2023
1207,"2023-04-21","Friday   ",21,4,2,2023
1208,"2023-04-22","Saturday ",22,4,2,2023
1209,"2023-04-23","Sunday   ",23,4,2,2023
1210,"2023-04-24","Monday   ",24,4,2,2023
1211,"2023-04-25","Tuesday  ",25,4,2,2023
1212,"2023-04-26","Wednesday",26,4,2,2023
1213,"2023-04-27","Thursday ",27,4,2,2023
1214,"2023-04-28","Friday   ",28,4,2,2023
1215,"2023-04-29","Saturday ",29,4,2,2023
1216,"2023-04-30","Sunday   ",30,4,2,2023
1217,"2023-05-01","Monday   ",1,5,2,2023
1218,"2023-05-02","Tuesday  ",2,5,2,2023
1219,"2023-05-03","Wednesday",3,5,2,2023
1220,"2023-05-04","Thursday ",4,5,2,2023
1221,"2023-05-05","Friday   ",5,5,2,2023
1222,"2023-05-06","Saturday ",6,5,2,2023
1223,"2023-05-07","Sunday   ",7,5,2,2023
1224,"2023-05-08","Monday   ",8,5,2,2023
1225,"2023-05-09","Tuesday  ",9,5,2,2023
1226,"2023-05-10","Wednesday",10,5,2,2023
1227,"2023-05-11","Thursday ",11,5,2,2023
1228,"2023-05-12","Friday   ",12,5,2,2023
1229,"2023-05-13","Saturday ",13,5,2,2023
1230,"2023-05-14","Sunday   ",14,5,2,2023
1231,"2023-05-15","Monday   ",15,5,2,2023
1232,"2023-05-16","Tuesday  ",16,5,2,2023
1233,"2023-05-17","Wednesday",17,5,2,2023
1234,"2023-05-18","Thursday ",18,5,2,2023
1235,"2023-05-19","Friday   ",19,5,2,2023
1236,"2023-05-20","Saturday ",20,5,2,2023
1237,"2023-05-21","Sunday   ",21,5,2,2023
1238,"2023-05-22","Monday   ",22,5,2,2023
1239,"2023-05-23","Tuesday  ",23,5,2,2023
1240,"2023-05-24","Wednesday",24,5,2,2023
1241,"2023-05-25","Thursday ",25,5,2,2023
1242,"2023-05-26","Friday   ",26,5,2,2023
1243,"2023-05-27","Saturday ",27,5,2,2023
1244,"2023-05-28","Sunday   ",28,5,2,2023
1245,"2023-05-29","Monday   ",29,5,2,2023
1246,"2023-05-30","Tuesday  ",30,5,2,2023
1247,"2023-05-31","Wednesday",31,5,2,2023
1248,"2023-06-01","Thursday ",1,6,2,2023
1249,"2023-06-02","Friday   ",2,6,2,2023
1250,"2023-06-03","Saturday ",3,6,2,2023
1251,"2023-06-04","Sunday   ",4,6,2,2023
1252,"2023-06-05","Monday   ",5,6,2,2023
1253,"2023-06-06","Tuesday  ",6,6,2,2023
1254,"2023-06-07","Wednesday",7,6,2,2023
1255,"2023-06-08","Thursday ",8,6,2,2023
1256,"2023-06-09","Friday   ",9,6,2,2023
1257,"2023-06-10","Saturday ",10,6,2,2023
1258,"2023-06-11","Sunday   ",11,6,2,2023
1259,"2023-06-12","Monday   ",12,6,2,2023
1260,"2023-06-13","Tuesday  ",13,6,2,2023
1261,"2023-06-14","Wednesday",14,6,2,2023
1262,"2023-06-15","Thursday ",15,6,2,2023
1263,"2023-06-16","Friday   ",16,6,2,2023
1264,"2023-06-17","Saturday ",17,6,2,2023
1265,"2023-06-18","Sunday   ",18,6,2,2023
1266,"2023-06-19","Monday   ",19,6,2,2023
1267,"2023-06-20","Tuesday  ",20,6,2,2023
1268,"2023-06-21","Wednesday",21,6,2,2023
1269,"2023-06-22","Thursday ",22,6,2,2023
1270,"2023-06-23","Friday   ",23,6,2,2023
1271,"2023-06-24","Saturday ",24,6,2,2023
1272,"2023-06-25","Sunday   ",25,6,2,2023
1273,"2023-06-26","Monday   ",26,6,2,2023
1274,"2023-06-27","Tuesday  ",27,6,2,2023
1275,"2023-06-28","Wednesday",28,6,2,2023
1276,"2023-06-29","Thursday ",29,6,2,2023
1277,"2023-06-30","Friday   ",30,6,2,2023
1278,"2023-07-01","Saturday ",1,7,3,2023
1279,"2023-07-02","Sunday   ",2,7,3,2023
1280,"2023-07-03","Monday   ",3,7,3,2023
1281,"2023-07-04","Tuesday  ",4,7,3,2023
1282,"2023-07-05","Wednesday",5,7,3,2023
1283,"2023-07-06","Thursday ",6,7,3,2023
1284,"2023-07-07","Friday   ",7,7,3,2023
1285,"2023-07-08","Saturday ",8,7,3,2023
1286,"2023-07-09","Sunday   ",9,7,3,2023
1287,"2023-07-10","Monday   ",10,7,3,2023
1288,"2023-07-11","Tuesday  ",11,7,3,2023
1289,"2023-07-12","Wednesday",12,7,3,2023
1290,"2023-07-13","Thursday ",13,7,3,2023
1291,"2023-07-14","Friday   ",14,7,3,2023
1292,"2023-07-15","Saturday ",15,7,3,2023
1293,"2023-07-16","Sunday   ",16,7,3,2023
1294,"2023-07-17","Monday   ",17,7,3,2023
1295,"2023-07-18","Tuesday  ",18,7,3,2023
1296,"2023-07-19","Wednesday",19,7,3,2023
1297,"2023-07-20","Thursday ",20,7,3,2023
1298,"2023-07-21","Friday   ",21,7,3,2023
1299,"2023-07-22","Saturday ",22,7,3,2023
1300,"2023-07-23","Sunday   ",23,7,3,2023
1301,"2023-07-24","Monday   ",24,7,3,2023
1302,"2023-07-25","Tuesday  ",25,7,3,2023
1303,"2023-07-26","Wednesday",26,7,3,2023
1304,"2023-07-27","Thursday ",27,7,3,2023
1305,"2023-07-28","Friday   ",28,7,3,2023
1306,"2023-07-29","Saturday ",29,7,3,2023
1307,"2023-07-30","Sunday   ",30,7,3,2023
1308,"2023-07-31","Monday   ",31,7,3,2023
1309,"2023-08-01","Tuesday  ",1,8,3,2023
1310,"2023-08-02","Wednesday",2,8,3,2023
1311,"2023-08-03","Thursday ",3,8,3,2023
1312,"2023-08-04","Friday   ",4,8,3,2023
1313,"2023-08-05","Saturday ",5,8,3,2023
1314,"2023-08-06","Sunday   ",6,8,3,2023
1315,"2023-08-07","Monday   ",7,8,3,2023
1316,"2023-08-08","Tuesday  ",8,8,3,2023
1317,"2023-08-09","Wednesday",9,8,3,2023
1318,"2023-08-10","Thursday ",10,8,3,2023
1319,"2023-08-11","Friday   ",11,8,3,2023
1320,"2023-08-12","Saturday ",12,8,3,2023
1321,"2023-08-13","Sunday   ",13,8,3,2023
1322,"2023-08-14","Monday   ",14,8,3,2023
1323,"2023-08-15","Tuesday  ",15,8,3,2023
1324,"2023-08-16","Wednesday",16,8,3,2023
1325,"2023-08-17","Thursday ",17,8,3,2023
1326,"2023-08-18","Friday   ",18,8,3,2023
1327,"2023-08-19","Saturday ",19,8,3,2023
1328,"2023-08-20","Sunday   ",20,8,3,2023
1329,"2023-08-21","Monday   ",21,8,3,2023
1330,"2023-08-22","Tuesday  ",22,8,3,2023
1331,"2023-08-23","Wednesday",23,8,3,2023
1332,"2023-08-24","Thursday ",24,8,3,2023
1333,"2023-08-25","Friday   ",25,8,3,2023
1334,"2023-08-26","Saturday ",26,8,3,2023
1335,"2023-08-27","Sunday   ",27,8,3,2023
1336,"2023-08-28","Monday   ",28,8,3,2023
1337,"2023-08-29","Tuesday  ",29,8,3,2023
1338,"2023-08-30","Wednesday",30,8,3,2023
1339,"2023-08-31","Thursday ",31,8,3,2023
1340,"2023-09-01","Friday   ",1,9,3,2023
1341,"2023-09-02","Saturday ",2,9,3,2023
1342,"2023-09-03","Sunday   ",3,9,3,2023
1343,"2023-09-04","Monday   ",4,9,3,2023
1344,"2023-09-05","Tuesday  ",5,9,3,2023
1345,"2023-09-06","Wednesday",6,9,3,2023
1346,"2023-09-07","Thursday ",7,9,3,2023
1347,"2023-09-08","Friday   ",8,9,3,2023
1348,"2023-09-09","Saturday ",9,9,3,2023
1349,"2023-09-10","Sunday   ",10,9,3,2023
1350,"2023-09-11","Monday   ",11,9,3,2023
1351,"2023-09-12","Tuesday  ",12,9,3,2023
1352,"2023-09-13","Wednesday",13,9,3,2023
1353,"2023-09-14","Thursday ",14,9,3,2023
1354,"2023-09-15","Friday   ",15,9,3,2023
1355,"2023-09-16","Saturday ",16,9,3,2023
1356,"2023-09-17","Sunday   ",17,9,3,2023
1357,"2023-09-18","Monday   ",18,9,3,2023
1358,"2023-09-19","Tuesday  ",19,9,3,2023
1359,"2023-09-20","Wednesday",20,9,3,2023
1360,"2023-09-21","Thursday ",21,9,3,2023
1361,"2023-09-22","Friday   ",22,9,3,2023
1362,"2023-09-23","Saturday ",23,9,3,2023
1363,"2023-09-24","Sunday   ",24,9,3,2023
1364,"2023-09-25","Monday   ",25,9,3,2023
1365,"2023-09-26","Tuesday  ",26,9,3,2023
1366,"2023-09-27","Wednesday",27,9,3,2023
1367,"2023-09-28","Thursday ",28,9,3,2023
1368,"2023-09-29","Friday   ",29,9,3,2023
1369,"2023-09-30","Saturday ",30,9,3,2023
1370,"2023-10-01","Sunday   ",1,10,4,2023
1371,"2023-10-02","Monday   ",2,10,4,2023
1372,"2023-10-03","Tuesday  ",3,10,4,2023
1373,"2023-10-04","Wednesday",4,10,4,2023
1374,"2023-10-05","Thursday ",5,10,4,2023
1375,"2023-10-06","Friday   ",6,10,4,2023
1376,"2023-10-07","Saturday ",7,10,4,2023
1377,"2023-10-08","Sunday   ",8,10,4,2023
1378,"2023-10-09","Monday   ",9,10,4,2023
1379,"2023-10-10","Tuesday  ",10,10,4,2023
1380,"2023-10-11","Wednesday",11,10,4,2023
1381,"2023-10-12","Thursday ",12,10,4,2023
1382,"2023-10-13","Friday   ",13,10,4,2023
1383,"2023-10-14","Saturday ",14,10,4,2023
1384,"2023-10-15","Sunday   ",15,10,4,2023
1385,"2023-10-16","Monday   ",16,10,4,2023
1386,"2023-10-17","Tuesday  ",17,10,4,2023
1387,"2023-10-18","Wednesday",18,10,4,2023
1388,"2023-10-19","Thursday ",19,10,4,2023
1389,"2023-10-20","Friday   ",20,10,4,2023
1390,"2023-10-21","Saturday ",21,10,4,2023
1391,"2023-10-22","Sunday   ",22,10,4,2023
1392,"2023-10-23","Monday   ",23,10,4,2023
1393,"2023-10-24","Tuesday  ",24,10,4,2023
1394,"2023-10-25","Wednesday",25,10,4,2023
1395,"2023-10-26","Thursday ",26,10,4,2023
1396,"2023-10-27","Friday   ",27,10,4,2023
1397,"2023-10-28","Saturday ",28,10,4,2023
1398,"2023-10-29","Sunday   ",29,10,4,2023
1399,"2023-10-30","Monday   ",30,10,4,2023
1400,"2023-10-31","Tuesday  ",31,10,4,2023
1401,"2023-11-01","Wednesday",1,11,4,2023
1402,"2023-11-02","Thursday ",2,11,4,2023
1403,"2023-11-03","Friday   ",3,11,4,2023
1404,"2023-11-04","Saturday ",4,11,4,2023
1405,"2023-11-05","Sunday   ",5,11,4,2023
1406,"2023-11-06","Monday   ",6,11,4,2023
1407,"2023-11-07","Tuesday  ",7,11,4,2023
1408,"2023-11-08","Wednesday",8,11,4,2023
1409,"2023-11-09","Thursday ",9,11,4,2023
1410,"2023-11-10","Friday   ",10,11,4,2023
1411,"2023-11-11","Saturday ",11,11,4,2023
1412,"2023-11-12","Sunday   ",12,11,4,2023
1413,"2023-11-13","Monday   ",13,11,4,2023
1414,"2023-11-14","Tuesday  ",14,11,4,2023
1415,"2023-11-15","Wednesday",15,11,4,2023
1416,"2023-11-16","Thursday ",16,11,4,2023
1417,"2023-11-17","Friday   ",17,11,4,2023
1418,"2023-11-18","Saturday ",18,11,4,2023
1419,"2023-11-19","Sunday   ",19,11,4,2023
1420,"2023-11-20","Monday   ",20,11,4,2023
1421,"2023-11-21","Tuesday  ",21,11,4,2023
1422,"2023-11-22","Wednesday",22,11,4,2023
1423,"2023-11-23","Thursday ",23,11,4,2023
1424,"2023-11-24","Friday   ",24,11,4,2023
1425,"2023-11-25","Saturday ",25,11,4,2023
1426,"2023-11-26","Sunday   ",26,11,4,2023
1427,"2023-11-27","Monday   ",27,11,4,2023
1428,"2023-11-28","Tuesday  ",28,11,4,2023
1429,"2023-11-29","Wednesday",29,11,4,2023
1430,"2023-11-30","Thursday ",30,11,4,2023
1431,"2023-12-01","Friday   ",1,12,4,2023
1432,"2023-12-02","Saturday ",2,12,4,2023
1433,"2023-12-03","Sunday   ",3,12,4,2023
1434,"2023-12-04","Monday   ",4,12,4,2023
1435,"2023-12-05","Tuesday  ",5,12,4,2023
1436,"2023-12-06","Wednesday",6,12,4,2023
1437,"2023-12-07","Thursday ",7,12,4,2023
1438,"2023-12-08","Friday   ",8,12,4,2023
1439,"2023-12-09","Saturday ",9,12,4,2023
1440,"2023-12-10","Sunday   ",10,12,4,2023
1441,"2023-12-11","Monday   ",11,12,4,2023
1442,"2023-12-12","Tuesday  ",12,12,4,2023
1443,"2023-12-13","Wednesday",13,12,4,2023
1444,"2023-12-14","Thursday ",14,12,4,2023
1445,"2023-12-15","Friday   ",15,12,4,2023
1446,"2023-12-16","Saturday ",16,12,4,2023
1447,"2023-12-17","Sunday   ",17,12,4,2023
1448,"2023-12-18","Monday   ",18,12,4,2023
1449,"2023-12-19","Tuesday  ",19,12,4,2023
1450,"2023-12-20","Wednesday",20,12,4,2023
1451,"2023-12-21","Thursday ",21,12,4,2023
1452,"2023-12-22","Friday   ",22,12,4,2023
1453,"2023-12-23","Saturday ",23,12,4,2023
1454,"2023-12-24","Sunday   ",24,12,4,2023
1455,"2023-12-25","Monday   ",25,12,4,2023
1456,"2023-12-26","Tuesday  ",26,12,4,2023
1457,"2023-12-27","Wednesday",27,12,4,2023
1458,"2023-12-28","Thursday ",28,12,4,2023
1459,"2023-12-29","Friday   ",29,12,4,2023
1460,"2023-12-30","Saturday ",30,12,4,2023
1461,"2023-12-31","Sunday   ",31,12,4,2023
1462,"2024-01-01","Monday   ",1,1,1,2024
1463,"2024-01-02","Tuesday  ",2,1,1,2024
1464,"2024-01-03","Wednesday",3,1,1,2024
1465,"2024-01-04","Thursday ",4,1,1,2024
1466,"2024-01-05","Friday   ",5,1,1,2024
1467,"2024-01-06","Saturday ",6,1,1,2024
1468,"2024-01-07","Sunday   ",7,1,1,2024
1469,"2024-01-08","Monday   ",8,1,1,2024
1470,"2024-01-09","Tuesday  ",9,1,1,2024
1471,"2024-01-10","Wednesday",10,1,1,2024
1472,"2024-01-11","Thursday ",11,1,1,2024
1473,"2024-01-12","Friday   ",12,1,1,2024
1474,"2024-01-13","Saturday ",13,1,1,2024
1475,"2024-01-14","Sunday   ",14,1,1,2024
1476,"2024-01-15","Monday   ",15,1,1,2024
1477,"2024-01-16","Tuesday  ",16,1,1,2024
1478,"2024-01-17","Wednesday",17,1,1,2024
1479,"2024-01-18","Thursday ",18,1,1,2024
1480,"2024-01-19","Friday   ",19,1,1,2024
1481,"2024-01-20","Saturday ",20,1,1,2024
1482,"2024-01-21","Sunday   ",21,1,1,2024
1483,"2024-01-22","Monday   ",22,1,1,2024
1484,"2024-01-23","Tuesday  ",23,1,1,2024
1485,"2024-01-24","Wednesday",24,1,1,2024
1486,"2024-01-25","Thursday ",25,1,1,2024
1487,"2024-01-26","Friday   ",26,1,1,2024
1488,"2024-01-27","Saturday ",27,1,1,2024
1489,"2024-01-28","Sunday   ",28,1,1,2024
1490,"2024-01-29","Monday   ",29,1,1,2024
1491,"2024-01-30","Tuesday  ",30,1,1,2024
1492,"2024-01-31","Wednesday",31,1,1,2024
1493,"2024-02-01","Thursday ",1,2,1,2024
1494,"2024-02-02","Friday   ",2,2,1,2024
1495,"2024-02-03","Saturday ",3,2,1,2024
1496,"2024-02-04","Sunday   ",4,2,1,2024
1497,"2024-02-05","Monday   ",5,2,1,2024
1498,"2024-02-06","Tuesday  ",6,2,1,2024
1499,"2024-02-07","Wednesday",7,2,1,2024
1500,"2024-02-08","Thursday ",8,2,1,2024
1501,"2024-02-09","Friday   ",9,2,1,2024
1502,"2024-02-10","Saturday ",10,2,1,2024
1503,"2024-02-11","Sunday   ",11,2,1,2024
1504,"2024-02-12","Monday   ",12,2,1,2024
1505,"2024-02-13","Tuesday  ",13,2,1,2024
1506,"2024-02-14","Wednesday",14,2,1,2024
1507,"2024-02-15","Thursday ",15,2,1,2024
1508,"2024-02-16","Friday   ",16,2,1,2024
1509,"2024-02-17","Saturday ",17,2,1,2024
1510,"2024-02-18","Sunday   ",18,2,1,2024
1511,"2024-02-19","Monday   ",19,2,1,2024
1512,"2024-02-20","Tuesday  ",20,2,1,2024
1513,"2024-02-21","Wednesday",21,2,1,2024
1514,"2024-02-22","Thursday ",22,2,1,2024
1515,"2024-02-23","Friday   ",23,2,1,2024
1516,"2024-02-24","Saturday ",24,2,1,2024
1517,"2024-02-25","Sunday   ",25,2,1,2024
1518,"2024-02-26","Monday   ",26,2,1,2024
1519,"2024-02-27","Tuesday  ",27,2,1,2024
1520,"2024-02-28","Wednesday",28,2,1,2024
1521,"2024-02-29","Thursday ",29,2,1,2024
1522,"2024-03-01","Friday   ",1,3,1,2024
1523,"2024-03-02","Saturday ",2,3,1,2024
1524,"2024-03-03","Sunday   ",3,3,1,2024
1525,"2024-03-04","Monday   ",4,3,1,2024
1526,"2024-03-05","Tuesday  ",5,3,1,2024
1527,"2024-03-06","Wednesday",6,3,1,2024
1528,"2024-03-07","Thursday ",7,3,1,2024
1529,"2024-03-08","Friday   ",8,3,1,2024
1530,"2024-03-09","Saturday ",9,3,1,2024
1531,"2024-03-10","Sunday   ",10,3,1,2024
1532,"2024-03-11","Monday   ",11,3,1,2024
1533,"2024-03-12","Tuesday  ",12,3,1,2024
1534,"2024-03-13","Wednesday",13,3,1,2024
1535,"2024-03-14","Thursday ",14,3,1,2024
1536,"2024-03-15","Friday   ",15,3,1,2024
1537,"2024-03-16","Saturday ",16,3,1,2024
1538,"2024-03-17","Sunday   ",17,3,1,2024
1539,"2024-03-18","Monday   ",18,3,1,2024
1540,"2024-03-19","Tuesday  ",19,3,1,2024
1541,"2024-03-20","Wednesday",20,3,1,2024
1542,"2024-03-21","Thursday ",21,3,1,2024
1543,"2024-03-22","Friday   ",22,3,1,2024
1544,"2024-03-23","Saturday ",23,3,1,2024
1545,"2024-03-24","Sunday   ",24,3,1,2024
1546,"2024-03-25","Monday   ",25,3,1,2024
1547,"2024-03-26","Tuesday  ",26,3,1,2024
1548,"2024-03-27","Wednesday",27,3,1,2024
1549,"2024-03-28","Thursday ",28,3,1,2024
1550,"2024-03-29","Friday   ",29,3,1,2024
1551,"2024-03-30","Saturday ",30,3,1,2024
1552,"2024-03-31","Sunday   ",31,3,1,2024
1553,"2024-04-01","Monday   ",1,4,2,2024
1554,"2024-04-02","Tuesday  ",2,4,2,2024
1555,"2024-04-03","Wednesday",3,4,2,2024
1556,"2024-04-04","Thursday ",4,4,2,2024
1557,"2024-04-05","Friday   ",5,4,2,2024
1558,"2024-04-06","Saturday ",6,4,2,2024
1559,"2024-04-07","Sunday   ",7,4,2,2024
1560,"2024-04-08","Monday   ",8,4,2,2024
1561,"2024-04-09","Tuesday  ",9,4,2,2024
1562,"2024-04-10","Wednesday",10,4,2,2024
1563,"2024-04-11","Thursday ",11,4,2,2024
1564,"2024-04-12","Friday   ",12,4,2,2024
1565,"2024-04-13","Saturday ",13,4,2,2024
1566,"2024-04-14","Sunday   ",14,4,2,2024
1567,"2024-04-15","Monday   ",15,4,2,2024
1568,"2024-04-16","Tuesday  ",16,4,2,2024
1569,"2024-04-17","Wednesday",17,4,2,2024
1570,"2024-04-18","Thursday ",18,4,2,2024
1571,"2024-04-19","Friday   ",19,4,2,2024
1572,"2024-04-20","Saturday ",20,4,2,2024
1573,"2024-04-21","Sunday   ",21,4,2,2024
1574,"2024-04-22","Monday   ",22,4,2,2024
1575,"2024-04-23","Tuesday  ",23,4,2,2024
1576,"2024-04-24","Wednesday",24,4,2,2024
1577,"2024-04-25","Thursday ",25,4,2,2024
1578,"2024-04-26","Friday   ",26,4,2,2024
1579,"2024-04-27","Saturday ",27,4,2,2024
1580,"2024-04-28","Sunday   ",28,4,2,2024
1581,"2024-04-29","Monday   ",29,4,2,2024
1582,"2024-04-30","Tuesday  ",30,4,2,2024
1583,"2024-05-01","Wednesday",1,5,2,2024
1584,"2024-05-02","Thursday ",2,5,2,2024
1585,"2024-05-03","Friday   ",3,5,2,2024
1586,"2024-05-04","Saturday ",4,5,2,2024
1587,"2024-05-05","Sunday   ",5,5,2,2024
1588,"2024-05-06","Monday   ",6,5,2,2024
1589,"2024-05-07","Tuesday  ",7,5,2,2024
1590,"2024-05-08","Wednesday",8,5,2,2024
1591,"2024-05-09","Thursday ",9,5,2,2024
1592,"2024-05-10","Friday   ",10,5,2,2024
1593,"2024-05-11","Saturday ",11,5,2,2024
1594,"2024-05-12","Sunday   ",12,5,2,2024
1595,"2024-05-13","Monday   ",13,5,2,2024
1596,"2024-05-14","Tuesday  ",14,5,2,2024
1597,"2024-05-15","Wednesday",15,5,2,2024
1598,"2024-05-16","Thursday ",16,5,2,2024
1599,"2024-05-17","Friday   ",17,5,2,2024
1600,"2024-05-18","Saturday ",18,5,2,2024
1601,"2024-05-19","Sunday   ",19,5,2,2024
1602,"2024-05-20","Monday   ",20,5,2,2024
1603,"2024-05-21","Tuesday  ",21,5,2,2024
1604,"2024-05-22","Wednesday",22,5,2,2024
1605,"2024-05-23","Thursday ",23,5,2,2024
1606,"2024-05-24","Friday   ",24,5,2,2024
1607,"2024-05-25","Saturday ",25,5,2,2024
1608,"2024-05-26","Sunday   ",26,5,2,2024
1609,"2024-05-27","Monday   ",27,5,2,2024
1610,"2024-05-28","Tuesday  ",28,5,2,2024
1611,"2024-05-29","Wednesday",29,5,2,2024
1612,"2024-05-30","Thursday ",30,5,2,2024
1613,"2024-05-31","Friday   ",31,5,2,2024
1614,"2024-06-01","Saturday ",1,6,2,2024
1615,"2024-06-02","Sunday   ",2,6,2,2024
1616,"2024-06-03","Monday   ",3,6,2,2024
1617,"2024-06-04","Tuesday  ",4,6,2,2024
1618,"2024-06-05","Wednesday",5,6,2,2024
1619,"2024-06-06","Thursday ",6,6,2,2024
1620,"2024-06-07","Friday   ",7,6,2,2024
1621,"2024-06-08","Saturday ",8,6,2,2024
1622,"2024-06-09","Sunday   ",9,6,2,2024
1623,"2024-06-10","Monday   ",10,6,2,2024
1624,"2024-06-11","Tuesday  ",11,6,2,2024
1625,"2024-06-12","Wednesday",12,6,2,2024
1626,"2024-06-13","Thursday ",13,6,2,2024
1627,"2024-06-14","Friday   ",14,6,2,2024
1628,"2024-06-15","Saturday ",15,6,2,2024
1629,"2024-06-16","Sunday   ",16,6,2,2024
1630,"2024-06-17","Monday   ",17,6,2,2024
1631,"2024-06-18","Tuesday  ",18,6,2,2024
1632,"2024-06-19","Wednesday",19,6,2,2024
1633,"2024-06-20","Thursday ",20,6,2,2024
1634,"2024-06-21","Friday   ",21,6,2,2024
1635,"2024-06-22","Saturday ",22,6,2,2024
1636,"2024-06-23","Sunday   ",23,6,2,2024
1637,"2024-06-24","Monday   ",24,6,2,2024
1638,"2024-06-25","Tuesday  ",25,6,2,2024
1639,"2024-06-26","Wednesday",26,6,2,2024
1640,"2024-06-27","Thursday ",27,6,2,2024
1641,"2024-06-28","Friday   ",28,6,2,2024
1642,"2024-06-29","Saturday ",29,6,2,2024
1643,"2024-06-30","Sunday   ",30,6,2,2024
1644,"2024-07-01","Monday   ",1,7,3,2024
1645,"2024-07-02","Tuesday  ",2,7,3,2024
1646,"2024-07-03","Wednesday",3,7,3,2024
1647,"2024-07-04","Thursday ",4,7,3,2024
1648,"2024-07-05","Friday   ",5,7,3,2024
1649,"2024-07-06","Saturday ",6,7,3,2024
1650,"2024-07-07","Sunday   ",7,7,3,2024
1651,"2024-07-08","Monday   ",8,7,3,2024
1652,"2024-07-09","Tuesday  ",9,7,3,2024
1653,"2024-07-10","Wednesday",10,7,3,2024
1654,"2024-07-11","Thursday ",11,7,3,2024
1655,"2024-07-12","Friday   ",12,7,3,2024
1656,"2024-07-13","Saturday ",13,7,3,2024
1657,"2024-07-14","Sunday   ",14,7,3,2024
1658,"2024-07-15","Monday   ",15,7,3,2024
1659,"2024-07-16","Tuesday  ",16,7,3,2024
1660,"2024-07-17","Wednesday",17,7,3,2024
1661,"2024-07-18","Thursday ",18,7,3,2024
1662,"2024-07-19","Friday   ",19,7,3,2024
1663,"2024-07-20","Saturday ",20,7,3,2024
1664,"2024-07-21","Sunday   ",21,7,3,2024
1665,"2024-07-22","Monday   ",22,7,3,2024
1666,"2024-07-23","Tuesday  ",23,7,3,2024
1667,"2024-07-24","Wednesday",24,7,3,2024
1668,"2024-07-25","Thursday ",25,7,3,2024
1669,"2024-07-26","Friday   ",26,7,3,2024
1670,"2024-07-27","Saturday ",27,7,3,2024
1671,"2024-07-28","Sunday   ",28,7,3,2024
1672,"2024-07-29","Monday   ",29,7,3,2024
1673,"2024-07-30","Tuesday  ",30,7,3,2024
1674,"2024-07-31","Wednesday",31,7,3,2024
1675,"2024-08-01","Thursday ",1,8,3,2024
1676,"2024-08-02","Friday   ",2,8,3,2024
1677,"2024-08-03","Saturday ",3,8,3,2024
1678,"2024-08-04","Sunday   ",4,8,3,2024
1679,"2024-08-05","Monday   ",5,8,3,2024
1680,"2024-08-06","Tuesday  ",6,8,3,2024
1681,"2024-08-07","Wednesday",7,8,3,2024
1682,"2024-08-08","Thursday ",8,8,3,2024
1683,"2024-08-09","Friday   ",9,8,3,2024
1684,"2024-08-10","Saturday ",10,8,3,2024
1685,"2024-08-11","Sunday   ",11,8,3,2024
1686,"2024-08-12","Monday   ",12,8,3,2024
1687,"2024-08-13","Tuesday  ",13,8,3,2024
1688,"2024-08-14","Wednesday",14,8,3,2024
1689,"2024-08-15","Thursday ",15,8,3,2024
1690,"2024-08-16","Friday   ",16,8,3,2024
1691,"2024-08-17","Saturday ",17,8,3,2024
1692,"2024-08-18","Sunday   ",18,8,3,2024
1693,"2024-08-19","Monday   ",19,8,3,2024
1694,"2024-08-20","Tuesday  ",20,8,3,2024
1695,"2024-08-21","Wednesday",21,8,3,2024
1696,"2024-08-22","Thursday ",22,8,3,2024
1697,"2024-08-23","Friday   ",23,8,3,2024
1698,"2024-08-24","Saturday ",24,8,3,2024
1699,"2024-08-25","Sunday   ",25,8,3,2024
1700,"2024-08-26","Monday   ",26,8,3,2024
1701,"2024-08-27","Tuesday  ",27,8,3,2024
1702,"2024-08-28","Wednesday",28,8,3,2024
1703,"2024-08-29","Thursday ",29,8,3,2024
1704,"2024-08-30","Friday   ",30,8,3,2024
1705,"2024-08-31","Saturday ",31,8,3,2024
1706,"2024-09-01","Sunday   ",1,9,3,2024
1707,"2024-09-02","Monday   ",2,9,3,2024
1708,"2024-09-03","Tuesday  ",3,9,3,2024
1709,"2024-09-04","Wednesday",4,9,3,2024
1710,"2024-09-05","Thursday ",5,9,3,2024
1711,"2024-09-06","Friday   ",6,9,3,2024
1712,"2024-09-07","Saturday ",7,9,3,2024
1713,"2024-09-08","Sunday   ",8,9,3,2024
1714,"2024-09-09","Monday   ",9,9,3,2024
1715,"2024-09-10","Tuesday  ",10,9,3,2024
1716,"2024-09-11","Wednesday",11,9,3,2024
1717,"2024-09-12","Thursday ",12,9,3,2024
1718,"2024-09-13","Friday   ",13,9,3,2024
1719,"2024-09-14","Saturday ",14,9,3,2024
1720,"2024-09-15","Sunday   ",15,9,3,2024
1721,"2024-09-16","Monday   ",16,9,3,2024
1722,"2024-09-17","Tuesday  ",17,9,3,2024
1723,"2024-09-18","Wednesday",18,9,3,2024
1724,"2024-09-19","Thursday ",19,9,3,2024
1725,"2024-09-20","Friday   ",20,9,3,2024
1726,"2024-09-21","Saturday ",21,9,3,2024
1727,"2024-09-22","Sunday   ",22,9,3,2024
1728,"2024-09-23","Monday   ",23,9,3,2024
1729,"2024-09-24","Tuesday  ",24,9,3,2024
1730,"2024-09-25","Wednesday",25,9,3,2024
1731,"2024-09-26","Thursday ",26,9,3,2024
1732,"2024-09-27","Friday   ",27,9,3,2024
1733,"2024-09-28","Saturday ",28,9,3,2024
1734,"2024-09-29","Sunday   ",29,9,3,2024
1735,"2024-09-30","Monday   ",30,9,3,2024
1736,"2024-10-01","Tuesday  ",1,10,4,2024
1737,"2024-10-02","Wednesday",2,10,4,2024
1738,"2024-10-03","Thursday ",3,10,4,2024
1739,"2024-10-04","Friday   ",4,10,4,2024
1740,"2024-10-05","Saturday ",5,10,4,2024
1741,"2024-10-06","Sunday   ",6,10,4,2024
1742,"2024-10-07","Monday   ",7,10,4,2024
1743,"2024-10-08","Tuesday  ",8,10,4,2024
1744,"2024-10-09","Wednesday",9,10,4,2024
1745,"2024-10-10","Thursday ",10,10,4,2024
1746,"2024-10-11","Friday   ",11,10,4,2024
1747,"2024-10-12","Saturday ",12,10,4,2024
1748,"2024-10-13","Sunday   ",13,10,4,2024
1749,"2024-10-14","Monday   ",14,10,4,2024
1750,"2024-10-15","Tuesday  ",15,10,4,2024
1751,"2024-10-16","Wednesday",16,10,4,2024
1752,"2024-10-17","Thursday ",17,10,4,2024
1753,"2024-10-18","Friday   ",18,10,4,2024
1754,"2024-10-19","Saturday ",19,10,4,2024
1755,"2024-10-20","Sunday   ",20,10,4,2024
1756,"2024-10-21","Monday   ",21,10,4,2024
1757,"2024-10-22","Tuesday  ",22,10,4,2024
1758,"2024-10-23","Wednesday",23,10,4,2024
1759,"2024-10-24","Thursday ",24,10,4,2024
1760,"2024-10-25","Friday   ",25,10,4,2024
1761,"2024-10-26","Saturday ",26,10,4,2024
1762,"2024-10-27","Sunday   ",27,10,4,2024
1763,"2024-10-28","Monday   ",28,10,4,2024
1764,"2024-10-29","Tuesday  ",29,10,4,2024
1765,"2024-10-30","Wednesday",30,10,4,2024
1766,"2024-10-31","Thursday ",31,10,4,2024
1767,"2024-11-01","Friday   ",1,11,4,2024
1768,"2024-11-02","Saturday ",2,11,4,2024
1769,"2024-11-03","Sunday   ",3,11,4,2024
1770,"2024-11-04","Monday   ",4,11,4,2024
1771,"2024-11-05","Tuesday  ",5,11,4,2024
1772,"2024-11-06","Wednesday",6,11,4,2024
1773,"2024-11-07","Thursday ",7,11,4,2024
1774,"2024-11-08","Friday   ",8,11,4,2024
1775,"2024-11-09","Saturday ",9,11,4,2024
1776,"2024-11-10","Sunday   ",10,11,4,2024
1777,"2024-11-11","Monday   ",11,11,4,2024
1778,"2024-11-12","Tuesday  ",12,11,4,2024
1779,"2024-11-13","Wednesday",13,11,4,2024
1780,"2024-11-14","Thursday ",14,11,4,2024
1781,"2024-11-15","Friday   ",15,11,4,2024
1782,"2024-11-16","Saturday ",16,11,4,2024
1783,"2024-11-17","Sunday   ",17,11,4,2024
1784,"2024-11-18","Monday   ",18,11,4,2024
1785,"2024-11-19","Tuesday  ",19,11,4,2024
1786,"2024-11-20","Wednesday",20,11,4,2024
1787,"2024-11-21","Thursday ",21,11,4,2024
1788,"2024-11-22","Friday   ",22,11,4,2024
1789,"2024-11-23","Saturday ",23,11,4,2024
1790,"2024-11-24","Sunday   ",24,11,4,2024
1791,"2024-11-25","Monday   ",25,11,4,2024
1792,"2024-11-26","Tuesday  ",26,11,4,2024
1793,"2024-11-27","Wednesday",27,11,4,2024
1794,"2024-11-28","Thursday ",28,11,4,2024
1795,"2024-11-29","Friday   ",29,11,4,2024
1796,"2024-11-30","Saturday ",30,11,4,2024
1797,"2024-12-01","Sunday   ",1,12,4,2024
1798,"2024-12-02","Monday   ",2,12,4,2024
1799,"2024-12-03","Tuesday  ",3,12,4,2024
1800,"2024-12-04","Wednesday",4,12,4,2024
1801,"2024-12-05","Thursday ",5,12,4,2024
1802,"2024-12-06","Friday   ",6,12,4,2024
1803,"2024-12-07","Saturday ",7,12,4,2024
1804,"2024-12-08","Sunday   ",8,12,4,2024
1805,"2024-12-09","Monday   ",9,12,4,2024
1806,"2024-12-10","Tuesday  ",10,12,4,2024
1807,"2024-12-11","Wednesday",11,12,4,2024
1808,"2024-12-12","Thursday ",12,12,4,2024
1809,"2024-12-13","Friday   ",13,12,4,2024
1810,"2024-12-14","Saturday ",14,12,4,2024
1811,"2024-12-15","Sunday   ",15,12,4,2024
1812,"2024-12-16","Monday   ",16,12,4,2024
1813,"2024-12-17","Tuesday  ",17,12,4,2024
1814,"2024-12-18","Wednesday",18,12,4,2024
1815,"2024-12-19","Thursday ",19,12,4,2024
1816,"2024-12-20","Friday   ",20,12,4,2024
1817,"2024-12-21","Saturday ",21,12,4,2024
1818,"2024-12-22","Sunday   ",22,12,4,2024
1819,"2024-12-23","Monday   ",23,12,4,2024
1820,"2024-12-24","Tuesday  ",24,12,4,2024
1821,"2024-12-25","Wednesday",25,12,4,2024
1822,"2024-12-26","Thursday ",26,12,4,2024
1823,"2024-12-27","Friday   ",27,12,4,2024
1824,"2024-12-28","Saturday ",28,12,4,2024
1825,"2024-12-29","Sunday   ",29,12,4,2024
1826,"2024-12-30","Monday   ",30,12,4,2024
1827,"2024-12-31","Tuesday  ",31,12,4,2024
1828,"2025-01-01","Wednesday",1,1,1,2025
1829,"2025-01-02","Thursday ",2,1,1,2025
1830,"2025-01-03","Friday   ",3,1,1,2025
1831,"2025-01-04","Saturday ",4,1,1,2025
1832,"2025-01-05","Sunday   ",5,1,1,2025
1833,"2025-01-06","Monday   ",6,1,1,2025
1834,"2025-01-07","Tuesday  ",7,1,1,2025
1835,"2025-01-08","Wednesday",8,1,1,2025
1836,"2025-01-09","Thursday ",9,1,1,2025
1837,"2025-01-10","Friday   ",10,1,1,2025
1838,"2025-01-11","Saturday ",11,1,1,2025
1839,"2025-01-12","Sunday   ",12,1,1,2025
1840,"2025-01-13","Monday   ",13,1,1,2025
1841,"2025-01-14","Tuesday  ",14,1,1,2025
1842,"2025-01-15","Wednesday",15,1,1,2025
1843,"2025-01-16","Thursday ",16,1,1,2025
1844,"2025-01-17","Friday   ",17,1,1,2025
1845,"2025-01-18","Saturday ",18,1,1,2025
1846,"2025-01-19","Sunday   ",19,1,1,2025
1847,"2025-01-20","Monday   ",20,1,1,2025
1848,"2025-01-21","Tuesday  ",21,1,1,2025
1849,"2025-01-22","Wednesday",22,1,1,2025
1850,"2025-01-23","Thursday ",23,1,1,2025
1851,"2025-01-24","Friday   ",24,1,1,2025
1852,"2025-01-25","Saturday ",25,1,1,2025
1853,"2025-01-26","Sunday   ",26,1,1,2025
1854,"2025-01-27","Monday   ",27,1,1,2025
1855,"2025-01-28","Tuesday  ",28,1,1,2025
1856,"2025-01-29","Wednesday",29,1,1,2025
1857,"2025-01-30","Thursday ",30,1,1,2025
1858,"2025-01-31","Friday   ",31,1,1,2025
1859,"2025-02-01","Saturday ",1,2,1,2025
1860,"2025-02-02","Sunday   ",2,2,1,2025
1861,"2025-02-03","Monday   ",3,2,1,2025
1862,"2025-02-04","Tuesday  ",4,2,1,2025
1863,"2025-02-05","Wednesday",5,2,1,2025
1864,"2025-02-06","Thursday ",6,2,1,2025
1865,"2025-02-07","Friday   ",7,2,1,2025
1866,"2025-02-08","Saturday ",8,2,1,2025
1867,"2025-02-09","Sunday   ",9,2,1,2025
1868,"2025-02-10","Monday   ",10,2,1,2025
1869,"2025-02-11","Tuesday  ",11,2,1,2025
1870,"2025-02-12","Wednesday",12,2,1,2025
1871,"2025-02-13","Thursday ",13,2,1,2025
1872,"2025-02-14","Friday   ",14,2,1,2025
1873,"2025-02-15","Saturday ",15,2,1,2025
1874,"2025-02-16","Sunday   ",16,2,1,2025
1875,"2025-02-17","Monday   ",17,2,1,2025
1876,"2025-02-18","Tuesday  ",18,2,1,2025
1877,"2025-02-19","Wednesday",19,2,1,2025
1878,"2025-02-20","Thursday ",20,2,1,2025
1879,"2025-02-21","Friday   ",21,2,1,2025
1880,"2025-02-22","Saturday ",22,2,1,2025
1881,"2025-02-23","Sunday   ",23,2,1,2025
1882,"2025-02-24","Monday   ",24,2,1,2025
1883,"2025-02-25","Tuesday  ",25,2,1,2025
1884,"2025-02-26","Wednesday",26,2,1,2025
1885,"2025-02-27","Thursday ",27,2,1,2025
1886,"2025-02-28","Friday   ",28,2,1,2025
1887,"2025-03-01","Saturday ",1,3,1,2025
1888,"2025-03-02","Sunday   ",2,3,1,2025
1889,"2025-03-03","Monday   ",3,3,1,2025
1890,"2025-03-04","Tuesday  ",4,3,1,2025
1891,"2025-03-05","Wednesday",5,3,1,2025
1892,"2025-03-06","Thursday ",6,3,1,2025
1893,"2025-03-07","Friday   ",7,3,1,2025
1894,"2025-03-08","Saturday ",8,3,1,2025
1895,"2025-03-09","Sunday   ",9,3,1,2025
1896,"2025-03-10","Monday   ",10,3,1,2025
1897,"2025-03-11","Tuesday  ",11,3,1,2025
1898,"2025-03-12","Wednesday",12,3,1,2025
1899,"2025-03-13","Thursday ",13,3,1,2025
1900,"2025-03-14","Friday   ",14,3,1,2025
1901,"2025-03-15","Saturday ",15,3,1,2025
1902,"2025-03-16","Sunday   ",16,3,1,2025
1903,"2025-03-17","Monday   ",17,3,1,2025
1904,"2025-03-18","Tuesday  ",18,3,1,2025
1905,"2025-03-19","Wednesday",19,3,1,2025
1906,"2025-03-20","Thursday ",20,3,1,2025
1907,"2025-03-21","Friday   ",21,3,1,2025
1908,"2025-03-22","Saturday ",22,3,1,2025
1909,"2025-03-23","Sunday   ",23,3,1,2025
1910,"2025-03-24","Monday   ",24,3,1,2025
1911,"2025-03-25","Tuesday  ",25,3,1,2025
1912,"2025-03-26","Wednesday",26,3,1,2025
1913,"2025-03-27","Thursday ",27,3,1,2025
1914,"2025-03-28","Friday   ",28,3,1,2025
1915,"2025-03-29","Saturday ",29,3,1,2025
1916,"2025-03-30","Sunday   ",30,3,1,2025
1917,"2025-03-31","Monday   ",31,3,1,2025
1918,"2025-04-01","Tuesday  ",1,4,2,2025
1919,"2025-04-02","Wednesday",2,4,2,2025
1920,"2025-04-03","Thursday ",3,4,2,2025
1921,"2025-04-04","Friday   ",4,4,2,2025
1922,"2025-04-05","Saturday ",5,4,2,2025
1923,"2025-04-06","Sunday   ",6,4,2,2025
1924,"2025-04-07","Monday   ",7,4,2,2025
1925,"2025-04-08","Tuesday  ",8,4,2,2025
1926,"2025-04-09","Wednesday",9,4,2,2025
1927,"2025-04-10","Thursday ",10,4,2,2025
1928,"2025-04-11","Friday   ",11,4,2,2025
1929,"2025-04-12","Saturday ",12,4,2,2025
1930,"2025-04-13","Sunday   ",13,4,2,2025
1931,"2025-04-14","Monday   ",14,4,2,2025
1932,"2025-04-15","Tuesday  ",15,4,2,2025
1933,"2025-04-16","Wednesday",16,4,2,2025
1934,"2025-04-17","Thursday ",17,4,2,2025
1935,"2025-04-18","Friday   ",18,4,2,2025
1936,"2025-04-19","Saturday ",19,4,2,2025
1937,"2025-04-20","Sunday   ",20,4,2,2025
1938,"2025-04-21","Monday   ",21,4,2,2025
1939,"2025-04-22","Tuesday  ",22,4,2,2025
1940,"2025-04-23","Wednesday",23,4,2,2025
1941,"2025-04-24","Thursday ",24,4,2,2025
1942,"2025-04-25","Friday   ",25,4,2,2025
1943,"2025-04-26","Saturday ",26,4,2,2025
1944,"2025-04-27","Sunday   ",27,4,2,2025
1945,"2025-04-28","Monday   ",28,4,2,2025
1946,"2025-04-29","Tuesday  ",29,4,2,2025
1947,"2025-04-30","Wednesday",30,4,2,2025
1948,"2025-05-01","Thursday ",1,5,2,2025
1949,"2025-05-02","Friday   ",2,5,2,2025
1950,"2025-05-03","Saturday ",3,5,2,2025
1951,"2025-05-04","Sunday   ",4,5,2,2025
1952,"2025-05-05","Monday   ",5,5,2,2025
1953,"2025-05-06","Tuesday  ",6,5,2,2025
1954,"2025-05-07","Wednesday",7,5,2,2025
1955,"2025-05-08","Thursday ",8,5,2,2025
1956,"2025-05-09","Friday   ",9,5,2,2025
1957,"2025-05-10","Saturday ",10,5,2,2025
1958,"2025-05-11","Sunday   ",11,5,2,2025
1959,"2025-05-12","Monday   ",12,5,2,2025
1960,"2025-05-13","Tuesday  ",13,5,2,2025
1961,"2025-05-14","Wednesday",14,5,2,2025
1962,"2025-05-15","Thursday ",15,5,2,2025
1963,"2025-05-16","Friday   ",16,5,2,2025
1964,"2025-05-17","Saturday ",17,5,2,2025
1965,"2025-05-18","Sunday   ",18,5,2,2025
1966,"2025-05-19","Monday   ",19,5,2,2025
1967,"2025-05-20","Tuesday  ",20,5,2,2025
1968,"2025-05-21","Wednesday",21,5,2,2025
1969,"2025-05-22","Thursday ",22,5,2,2025
1970,"2025-05-23","Friday   ",23,5,2,2025
1971,"2025-05-24","Saturday ",24,5,2,2025
1972,"2025-05-25","Sunday   ",25,5,2,2025
1973,"2025-05-26","Monday   ",26,5,2,2025
1974,"2025-05-27","Tuesday  ",27,5,2,2025
1975,"2025-05-28","Wednesday",28,5,2,2025
1976,"2025-05-29","Thursday ",29,5,2,2025
1977,"2025-05-30","Friday   ",30,5,2,2025
1978,"2025-05-31","Saturday ",31,5,2,2025
1979,"2025-06-01","Sunday   ",1,6,2,2025
1980,"2025-06-02","Monday   ",2,6,2,2025
1981,"2025-06-03","Tuesday  ",3,6,2,2025
1982,"2025-06-04","Wednesday",4,6,2,2025
1983,"2025-06-05","Thursday ",5,6,2,2025
1984,"2025-06-06","Friday   ",6,6,2,2025
1985,"2025-06-07","Saturday ",7,6,2,2025
1986,"2025-06-08","Sunday   ",8,6,2,2025
1987,"2025-06-09","Monday   ",9,6,2,2025
1988,"2025-06-10","Tuesday  ",10,6,2,2025
1989,"2025-06-11","Wednesday",11,6,2,2025
1990,"2025-06-12","Thursday ",12,6,2,2025
1991,"2025-06-13","Friday   ",13,6,2,2025
1992,"2025-06-14","Saturday ",14,6,2,2025
1993,"2025-06-15","Sunday   ",15,6,2,2025
1994,"2025-06-16","Monday   ",16,6,2,2025
1995,"2025-06-17","Tuesday  ",17,6,2,2025
1996,"2025-06-18","Wednesday",18,6,2,2025
1997,"2025-06-19","Thursday ",19,6,2,2025
1998,"2025-06-20","Friday   ",20,6,2,2025
1999,"2025-06-21","Saturday ",21,6,2,2025
2000,"2025-06-22","Sunday   ",22,6,2,2025
2001,"2025-06-23","Monday   ",23,6,2,2025
2002,"2025-06-24","Tuesday  ",24,6,2,2025
2003,"2025-06-25","Wednesday",25,6,2,2025
2004,"2025-06-26","Thursday ",26,6,2,2025
2005,"2025-06-27","Friday   ",27,6,2,2025
2006,"2025-06-28","Saturday ",28,6,2,2025
2007,"2025-06-29","Sunday   ",29,6,2,2025
2008,"2025-06-30","Monday   ",30,6,2,2025
2009,"2025-07-01","Tuesday  ",1,7,3,2025
2010,"2025-07-02","Wednesday",2,7,3,2025
2011,"2025-07-03","Thursday ",3,7,3,2025
2012,"2025-07-04","Friday   ",4,7,3,2025
2013,"2025-07-05","Saturday ",5,7,3,2025
2014,"2025-07-06","Sunday   ",6,7,3,2025
2015,"2025-07-07","Monday   ",7,7,3,2025
2016,"2025-07-08","Tuesday  ",8,7,3,2025
2017,"2025-07-09","Wednesday",9,7,3,2025
2018,"2025-07-10","Thursday ",10,7,3,2025
2019,"2025-07-11","Friday   ",11,7,3,2025
2020,"2025-07-12","Saturday ",12,7,3,2025
2021,"2025-07-13","Sunday   ",13,7,3,2025
2022,"2025-07-14","Monday   ",14,7,3,2025
2023,"2025-07-15","Tuesday  ",15,7,3,2025
2024,"2025-07-16","Wednesday",16,7,3,2025
2025,"2025-07-17","Thursday ",17,7,3,2025
2026,"2025-07-18","Friday   ",18,7,3,2025
2027,"2025-07-19","Saturday ",19,7,3,2025
2028,"2025-07-20","Sunday   ",20,7,3,2025
2029,"2025-07-21","Monday   ",21,7,3,2025
2030,"2025-07-22","Tuesday  ",22,7,3,2025
2031,"2025-07-23","Wednesday",23,7,3,2025
2032,"2025-07-24","Thursday ",24,7,3,2025
2033,"2025-07-25","Friday   ",25,7,3,2025
2034,"2025-07-26","Saturday ",26,7,3,2025
2035,"2025-07-27","Sunday   ",27,7,3,2025
2036,"2025-07-28","Monday   ",28,7,3,2025
2037,"2025-07-29","Tuesday  ",29,7,3,2025
2038,"2025-07-30","Wednesday",30,7,3,2025
2039,"2025-07-31","Thursday ",31,7,3,2025
2040,"2025-08-01","Friday   ",1,8,3,2025
2041,"2025-08-02","Saturday ",2,8,3,2025
2042,"2025-08-03","Sunday   ",3,8,3,2025
2043,"2025-08-04","Monday   ",4,8,3,2025
2044,"2025-08-05","Tuesday  ",5,8,3,2025
2045,"2025-08-06","Wednesday",6,8,3,2025
2046,"2025-08-07","Thursday ",7,8,3,2025
2047,"2025-08-08","Friday   ",8,8,3,2025
2048,"2025-08-09","Saturday ",9,8,3,2025
2049,"2025-08-10","Sunday   ",10,8,3,2025
2050,"2025-08-11","Monday   ",11,8,3,2025
2051,"2025-08-12","Tuesday  ",12,8,3,2025
2052,"2025-08-13","Wednesday",13,8,3,2025
2053,"2025-08-14","Thursday ",14,8,3,2025
2054,"2025-08-15","Friday   ",15,8,3,2025
2055,"2025-08-16","Saturday ",16,8,3,2025
2056,"2025-08-17","Sunday   ",17,8,3,2025
2057,"2025-08-18","Monday   ",18,8,3,2025
2058,"2025-08-19","Tuesday  ",19,8,3,2025
2059,"2025-08-20","Wednesday",20,8,3,2025
2060,"2025-08-21","Thursday ",21,8,3,2025
2061,"2025-08-22","Friday   ",22,8,3,2025
2062,"2025-08-23","Saturday ",23,8,3,2025
2063,"2025-08-24","Sunday   ",24,8,3,2025
2064,"2025-08-25","Monday   ",25,8,3,2025
2065,"2025-08-26","Tuesday  ",26,8,3,2025
2066,"2025-08-27","Wednesday",27,8,3,2025
2067,"2025-08-28","Thursday ",28,8,3,2025
2068,"2025-08-29","Friday   ",29,8,3,2025
2069,"2025-08-30","Saturday ",30,8,3,2025
2070,"2025-08-31","Sunday   ",31,8,3,2025
2071,"2025-09-01","Monday   ",1,9,3,2025
2072,"2025-09-02","Tuesday  ",2,9,3,2025
2073,"2025-09-03","Wednesday",3,9,3,2025
2074,"2025-09-04","Thursday ",4,9,3,2025
2075,"2025-09-05","Friday   ",5,9,3,2025
2076,"2025-09-06","Saturday ",6,9,3,2025
2077,"2025-09-07","Sunday   ",7,9,3,2025
2078,"2025-09-08","Monday   ",8,9,3,2025
2079,"2025-09-09","Tuesday  ",9,9,3,2025
2080,"2025-09-10","Wednesday",10,9,3,2025
2081,"2025-09-11","Thursday ",11,9,3,2025
2082,"2025-09-12","Friday   ",12,9,3,2025
2083,"2025-09-13","Saturday ",13,9,3,2025
2084,"2025-09-14","Sunday   ",14,9,3,2025
2085,"2025-09-15","Monday   ",15,9,3,2025
2086,"2025-09-16","Tuesday  ",16,9,3,2025
2087,"2025-09-17","Wednesday",17,9,3,2025
2088,"2025-09-18","Thursday ",18,9,3,2025
2089,"2025-09-19","Friday   ",19,9,3,2025
2090,"2025-09-20","Saturday ",20,9,3,2025
2091,"2025-09-21","Sunday   ",21,9,3,2025
2092,"2025-09-22","Monday   ",22,9,3,2025
2093,"2025-09-23","Tuesday  ",23,9,3,2025
2094,"2025-09-24","Wednesday",24,9,3,2025
2095,"2025-09-25","Thursday ",25,9,3,2025
2096,"2025-09-26","Friday   ",26,9,3,2025
2097,"2025-09-27","Saturday ",27,9,3,2025
2098,"2025-09-28","Sunday   ",28,9,3,2025
2099,"2025-09-29","Monday   ",29,9,3,2025
2100,"2025-09-30","Tuesday  ",30,9,3,2025
2101,"2025-10-01","Wednesday",1,10,4,2025
2102,"2025-10-02","Thursday ",2,10,4,2025
2103,"2025-10-03","Friday   ",3,10,4,2025
2104,"2025-10-04","Saturday ",4,10,4,2025
2105,"2025-10-05","Sunday   ",5,10,4,2025
2106,"2025-10-06","Monday   ",6,10,4,2025
2107,"2025-10-07","Tuesday  ",7,10,4,2025
2108,"2025-10-08","Wednesday",8,10,4,2025
2109,"2025-10-09","Thursday ",9,10,4,2025
2110,"2025-10-10","Friday   ",10,10,4,2025
2111,"2025-10-11","Saturday ",11,10,4,2025
2112,"2025-10-12","Sunday   ",12,10,4,2025
2113,"2025-10-13","Monday   ",13,10,4,2025
2114,"2025-10-14","Tuesday  ",14,10,4,2025
2115,"2025-10-15","Wednesday",15,10,4,2025
2116,"2025-10-16","Thursday ",16,10,4,2025
2117,"2025-10-17","Friday   ",17,10,4,2025
2118,"2025-10-18","Saturday ",18,10,4,2025
2119,"2025-10-19","Sunday   ",19,10,4,2025
2120,"2025-10-20","Monday   ",20,10,4,2025
2121,"2025-10-21","Tuesday  ",21,10,4,2025
2122,"2025-10-22","Wednesday",22,10,4,2025
2123,"2025-10-23","Thursday ",23,10,4,2025
2124,"2025-10-24","Friday   ",24,10,4,2025
2125,"2025-10-25","Saturday ",25,10,4,2025
2126,"2025-10-26","Sunday   ",26,10,4,2025
2127,"2025-10-27","Monday   ",27,10,4,2025
2128,"2025-10-28","Tuesday  ",28,10,4,2025
2129,"2025-10-29","Wednesday",29,10,4,2025
2130,"2025-10-30","Thursday ",30,10,4,2025
2131,"2025-10-31","Friday   ",31,10,4,2025
2132,"2025-11-01","Saturday ",1,11,4,2025
2133,"2025-11-02","Sunday   ",2,11,4,2025
2134,"2025-11-03","Monday   ",3,11,4,2025
2135,"2025-11-04","Tuesday  ",4,11,4,2025
2136,"2025-11-05","Wednesday",5,11,4,2025
2137,"2025-11-06","Thursday ",6,11,4,2025
2138,"2025-11-07","Friday   ",7,11,4,2025
2139,"2025-11-08","Saturday ",8,11,4,2025
2140,"2025-11-09","Sunday   ",9,11,4,2025
2141,"2025-11-10","Monday   ",10,11,4,2025
2142,"2025-11-11","Tuesday  ",11,11,4,2025
2143,"2025-11-12","Wednesday",12,11,4,2025
2144,"2025-11-13","Thursday ",13,11,4,2025
2145,"2025-11-14","Friday   ",14,11,4,2025
2146,"2025-11-15","Saturday ",15,11,4,2025
2147,"2025-11-16","Sunday   ",16,11,4,2025
2148,"2025-11-17","Monday   ",17,11,4,2025
2149,"2025-11-18","Tuesday  ",18,11,4,2025
2150,"2025-11-19","Wednesday",19,11,4,2025
2151,"2025-11-20","Thursday ",20,11,4,2025
2152,"2025-11-21","Friday   ",21,11,4,2025
2153,"2025-11-22","Saturday ",22,11,4,2025
2154,"2025-11-23","Sunday   ",23,11,4,2025
2155,"2025-11-24","Monday   ",24,11,4,2025
2156,"2025-11-25","Tuesday  ",25,11,4,2025
2157,"2025-11-26","Wednesday",26,11,4,2025
2158,"2025-11-27","Thursday ",27,11,4,2025
2159,"2025-11-28","Friday   ",28,11,4,2025
2160,"2025-11-29","Saturday ",29,11,4,2025
2161,"2025-11-30","Sunday   ",30,11,4,2025
2162,"2025-12-01","Monday   ",1,12,4,2025
2163,"2025-12-02","Tuesday  ",2,12,4,2025
2164,"2025-12-03","Wednesday",3,12,4,2025
2165,"2025-12-04","Thursday ",4,12,4,2025
2166,"2025-12-05","Friday   ",5,12,4,2025
2167,"2025-12-06","Saturday ",6,12,4,2025
2168,"2025-12-07","Sunday   ",7,12,4,2025
2169,"2025-12-08","Monday   ",8,12,4,2025
2170,"2025-12-09","Tuesday  ",9,12,4,2025
2171,"2025-12-10","Wednesday",10,12,4,2025
2172,"2025-12-11","Thursday ",11,12,4,2025
2173,"2025-12-12","Friday   ",12,12,4,2025
2174,"2025-12-13","Saturday ",13,12,4,2025
2175,"2025-12-14","Sunday   ",14,12,4,2025
2176,"2025-12-15","Monday   ",15,12,4,2025
2177,"2025-12-16","Tuesday  ",16,12,4,2025
2178,"2025-12-17","Wednesday",17,12,4,2025
2179,"2025-12-18","Thursday ",18,12,4,2025
2180,"2025-12-19","Friday   ",19,12,4,2025
2181,"2025-12-20","Saturday ",20,12,4,2025
2182,"2025-12-21","Sunday   ",21,12,4,2025
2183,"2025-12-22","Monday   ",22,12,4,2025
2184,"2025-12-23","Tuesday  ",23,12,4,2025
2185,"2025-12-24","Wednesday",24,12,4,2025
2186,"2025-12-25","Thursday ",25,12,4,2025
2187,"2025-12-26","Friday   ",26,12,4,2025
2188,"2025-12-27","Saturday ",27,12,4,2025
2189,"2025-12-28","Sunday   ",28,12,4,2025
2190,"2025-12-29","Monday   ",29,12,4,2025
2191,"2025-12-30","Tuesday  ",30,12,4,2025
2192,"2025-12-31","Wednesday",31,12,4,2025
